Workbook

Sheet Resumen_Ejecutivo
A1: CONTINUUM LAB // BENCHMARK ENJAMBRE DOBLE PÉNDULO CAÓTICO
A3: Parámetro Físico | B3: Símbolo | C3: Valor | D3: Unidad | F3: MÉTRICAS HAMILTONIANAS Y CAOS (FÓRMULAS DINÁMICAS)
A4: Masa Péndulo 1 | B4: m1 | C4: 1 | D4: kg | F4: Indicador | G4: Fórmula Dinámica | H4: Valor Calculado
A5: Masa Péndulo 2 | B5: m2 | C5: 1 | D5: kg | F5: Energía Inicial P0 (J) | G5: =Dinamica_P0!G2 | H5: =Dinamica_P0!G2
A6: Longitud Barra 1 | B6: L1 | C6: 1.5 | D6: m | F6: Energía Final P0 (J) | G6: =Dinamica_P0!G902 | H6: =Dinamica_P0!G902
A7: Longitud Barra 2 | B7: L2 | C7: 1.5 | D7: m | F7: Desviación Relativa Máxima Energía | G7: =MAX(Dinamica_P0!H2:H902) | H7: =MAX(Dinamica_P0!H2:H902)
A8: Aceleración Gravitatoria | B8: g | C8: 9.81 | D8: m/s² | F8: Separación Inicial del Enjambre (m) | G8: =Divergencia_Caos!B2 | H8: =Divergencia_Caos!B2
A9: Tamaño del Enjambre | B9: N | C9: 50 | D9: sistemas | F9: Separación Final a 15s (m) | G9: =Divergencia_Caos!B902 | H9: =Divergencia_Caos!B902
A10: Ángulo Inicial Barra 1 | B10: θ1(0) | C10: 120 | D10: grados | F10: Factor de Expansión Caótica | G10: =Divergencia_Caos!B902/Divergencia_Caos!B2 | H10: =Divergencia_Caos!B902/Divergencia_Caos!B2
A11: Ángulo Inicial Barra 2 | B11: θ2(0) | C11: -60 | D11: grados
A12: Perturbación Infinitesimal | B12: Δθ | C12: 1e-06 | D12: rad
A13: Exponente de Lyapunov Teórico | B13: λ | C13: 1.42 | D13: s⁻¹
A14: Tiempo Total de Simulación | B14: t_max | C14: 15 | D14: s
A15: Frecuencia de Muestreo | B15: FPS | C15: 60 | D15: cuadros/s

Sheet Dinamica_P0
A1: Paso | B1: Tiempo_s | C1: Theta1_rad | D1: Theta2_rad | E1: Cinetica_J | F1: Potencial_J | G1: Total_Hamiltoniana_J | H1: Error_Rel_Energia
A2: 0 | B2: 0 | C2: 2.0943951 | D2: -1.0471976 | E2: 0 | F2: 7.3575 | G2: 7.3575 | H2: =ABS(G2-$G$2)/ABS($G$2)
A3: 1 | B3: 0.016666667 | C3: 2.0936083 | D3: -1.0471977 | E3: 0.020055257 | F3: 7.3374447 | G3: 7.3575 | H3: =ABS(G3-$G$2)/ABS($G$2)
A4: 2 | B4: 0.033333333 | C4: 2.0912466 | D4: -1.0471994 | E4: 0.080293812 | F4: 7.2772062 | G4: 7.3575 | H4: =ABS(G4-$G$2)/ABS($G$2)
A5: 3 | B5: 0.05 | C5: 2.0873058 | D5: -1.0472071 | E5: 0.18093364 | F5: 7.1765664 | G5: 7.3575 | H5: =ABS(G5-$G$2)/ABS($G$2)
A6: 4 | B6: 0.066666667 | C6: 2.0817788 | D6: -1.0472272 | E6: 0.32233672 | F6: 7.0351633 | G6: 7.3575 | H6: =ABS(G6-$G$2)/ABS($G$2)
A7: 5 | B7: 0.083333333 | C7: 2.0746564 | D7: -1.0472689 | E7: 0.50500689 | F7: 6.8524931 | G7: 7.3575 | H7: =ABS(G7-$G$2)/ABS($G$2)
A8: 6 | B8: 0.1 | C8: 2.0659269 | D8: -1.0473427 | E8: 0.72958648 | F8: 6.6279135 | G8: 7.3575 | H8: =ABS(G8-$G$2)/ABS($G$2)
A9: 7 | B9: 0.11666667 | C9: 2.055577 | D9: -1.0474602 | E9: 0.99685131 | F9: 6.3606487 | G9: 7.3575 | H9: =ABS(G9-$G$2)/ABS($G$2)
A10: 8 | B10: 0.13333333 | C10: 2.0435919 | D10: -1.0476332 | E10: 1.3077038 | F10: 6.0497962 | G10: 7.3575 | H10: =ABS(G10-$G$2)/ABS($G$2)
A11: 9 | B11: 0.15 | C11: 2.0299561 | D11: -1.0478726 | E11: 1.6631632 | F11: 5.6943368 | G11: 7.3575 | H11: =ABS(G11-$G$2)/ABS($G$2)
A12: 10 | B12: 0.16666667 | C12: 2.0146542 | D12: -1.0481874 | E12: 2.0643536 | F12: 5.2931464 | G12: 7.3575 | H12: =ABS(G12-$G$2)/ABS($G$2)
A13: 11 | B13: 0.18333333 | C13: 1.9976712 | D13: -1.0485831 | E13: 2.5124867 | F13: 4.8450133 | G13: 7.3575 | H13: =ABS(G13-$G$2)/ABS($G$2)
... A902: 900 | B902: 15 | C902: 0.92190632 | D902: 6.0778122 | E902: 39.547883 | F902: -32.190383 | G902: 7.3574998 | H902: =ABS(G902-$G$2)/ABS($G$2)

Sheet Divergencia_Caos
A1: Tiempo_s | B1: Separacion_Real_m | C1: Separacion_Teorica_Lyapunov_m | D1: Fase_Dinamica
A2: 0 | B2: 7.35e-05 | C2: =$B$2*EXP(1.42*A2) | D2: =IF(A2<5.5,"FASE 1: ORDEN APARENTE",IF(A2<7.5,"FASE 2: BIFURCACION","FASE 3: CAOS"))
A3: 0.016666667 | B3: 7.3500026e-05 | C3: =$B$2*EXP(1.42*A3) | D3: =IF(A3<5.5,"FASE 1: ORDEN APARENTE",IF(A3<7.5,"FASE 2: BIFURCACION","FASE 3: CAOS"))
A4: 0.033333333 | B4: 7.3500441e-05 | C4: =$B$2*EXP(1.42*A4) | D4: =IF(A4<5.5,"FASE 1: ORDEN APARENTE",IF(A4<7.5,"FASE 2: BIFURCACION","FASE 3: CAOS"))
A5: 0.05 | B5: 7.3502266e-05 | C5: =$B$2*EXP(1.42*A5) | D5: =IF(A5<5.5,"FASE 1: ORDEN APARENTE",IF(A5<7.5,"FASE 2: BIFURCACION","FASE 3: CAOS"))
A6: 0.066666667 | B6: 7.3507245e-05 | C6: =$B$2*EXP(1.42*A6) | D6: =IF(A6<5.5,"FASE 1: ORDEN APARENTE",IF(A6<7.5,"FASE 2: BIFURCACION","FASE 3: CAOS"))
A7: 0.083333333 | B7: 7.3517917e-05 | C7: =$B$2*EXP(1.42*A7) | D7: =IF(A7<5.5,"FASE 1: ORDEN APARENTE",IF(A7<7.5,"FASE 2: BIFURCACION","FASE 3: CAOS"))
A8: 0.1 | B8: 7.3537699e-05 | C8: =$B$2*EXP(1.42*A8) | D8: =IF(A8<5.5,"FASE 1: ORDEN APARENTE",IF(A8<7.5,"FASE 2: BIFURCACION","FASE 3: CAOS"))
A9: 0.11666667 | B9: 7.3571e-05 | C9: =$B$2*EXP(1.42*A9) | D9: =IF(A9<5.5,"FASE 1: ORDEN APARENTE",IF(A9<7.5,"FASE 2: BIFURCACION","FASE 3: CAOS"))
A10: 0.13333333 | B10: 7.3623345e-05 | C10: =$B$2*EXP(1.42*A10) | D10: =IF(A10<5.5,"FASE 1: ORDEN APARENTE",IF(A10<7.5,"FASE 2: BIFURCACION","FASE 3: CAOS"))
A11: 0.15 | B11: 7.3701506e-05 | C11: =$B$2*EXP(1.42*A11) | D11: =IF(A11<5.5,"FASE 1: ORDEN APARENTE",IF(A11<7.5,"FASE 2: BIFURCACION","FASE 3: CAOS"))
A12: 0.16666667 | B12: 7.3813628e-05 | C12: =$B$2*EXP(1.42*A12) | D12: =IF(A12<5.5,"FASE 1: ORDEN APARENTE",IF(A12<7.5,"FASE 2: BIFURCACION","FASE 3: CAOS"))
A13: 0.18333333 | B13: 7.3969329e-05 | C13: =$B$2*EXP(1.42*A13) | D13: =IF(A13<5.5,"FASE 1: ORDEN APARENTE",IF(A13<7.5,"FASE 2: BIFURCACION","FASE 3: CAOS"))
... A902: 15 | B902: 6.7472401 | C902: =$B$2*EXP(1.42*A902) | D902: =IF(A902<5.5,"FASE 1: ORDEN APARENTE",IF(A902<7.5,"FASE 2: BIFURCACION","FASE 3: CAOS"))
