Workbook

Sheet Parametros_Fisicos
A1: CONTINUUM LAB // MECÁNICA DE FLUIDOS AVANZADA
A2: MODELO DE INESTABILIDAD DE KELVIN-HELMHOLTZ (KHI)
A3: Parámetros del Dominio, Capa de Cizalladura y Criterio de Miles-Howard
A5: Parámetro Físico | B5: Símbolo | C5: Valor Nominal | D5: Unidad | E5: Descripción / Fórmula Dinámica
A6: Longitud del Dominio | B6: Lx | C6: 2 | D6: m | E6: Longitud periódica horizontal
A7: Altura del Dominio | B7: Ly | C7: 1 | D7: m | E7: Altura vertical del canal
A8: Semivelocidad de Cizalla | B8: U0 | C8: 1 | D8: m/s | E8: Velocidad de cada capa respecto al centro
A9: Espesor Inicial de Vorticidad | B9: delta0 | C9: 0.045 | D9: m | E9: Espesor característico de la capa tanh
A10: Viscosidad Cinemática | B10: nu | C10: 8e-05 | D10: m²/s | E10: Viscosidad del fluido
A11: Densidad Base del Fluido | B11: rho | C11: 1 | D11: kg/m³ | E11: Densidad media de referencia
A12: Aceleración Gravitatoria | B12: g | C12: 9.81 | D12: m/s² | E12: Gravedad terrestre
A13: Contraste de Densidad | B13: drho | C13: 0.005 | D13: kg/m³ | E13: Estratificación de densidad en la interfaz
A15: GRUPOS ADIMENSIONALES Y CRITERIOS DE ESTABILIDAD
A16: Propiedad Adimensional | B16: Símbolo | C16: Fórmula Dinámica | D16: Valor Calculado | E16: Criterio Físico
A17: Salto Total de Velocidad | B17: Delta_U | C17: =2*C8 | D17: =2*C8 | E17: Cizalla total entre capas
A18: Número de Reynolds | B18: Re | C18: =(2*C8)*(2*C9)/C10 | D18: =(2*C8)*(2*C9)/C10 | E18: Re > 1000 => Inestabilidad turbulenta
A19: Gradiente Máximo de Velocidad | B19: du_dy_max | C19: =C8/C9 | D19: =C8/C9 | E19: En el plano medio y = 0
A20: Gradiente de Densidad | B20: drho_dy | C20: =C13/(2*C9) | D20: =C13/(2*C9) | E20: Estratificación vertical
A21: Número de Richardson Local | B21: Ri | C21: =(C12/C11)*D19/(D18^2) | D21: =(C12/C11)*D19/(D18^2) | E21: Ri < 0.25 => Desestabilización de Miles-Howard
A22: Número de Onda Más Inestable | B22: k_crit | C22: =0.4446/C9 | D22: =0.4446/C9 | E22: Teoría lineal de Michalke (1964)
A23: Longitud de Onda Crítica | B23: lambda_crit | C23: =2*PI()/D21 | D23: =2*PI()/D21 | E23: Distancia entre núcleos de vórtice
A24: Tasa Máxima de Crecimiento | B24: sigma_max | C24: =0.1897*(C8/C9) | D24: =0.1897*(C8/C9) | E24: Tasa temporal de amplificación exponencial

Sheet Dispersion_Inestabilidad
A1: RELACIÓN DE DISPERSIÓN LINEAL DE KELVIN-HELMHOLTZ
A2: Tasa de Crecimiento Temporal σ(k) vs Número de Onda k
A4: Wavenumber Adimensional (k·δ₀) | B4: Número de Onda k [rad/m] | C4: Longitud de Onda λ [m] | D4: Tasa Crecimiento σ [s⁻¹] | E4: Tiempo de Duplicación t_dup [s] | F4: Régimen Dinámico
A5: 0.05 | B5: =A5/Parametros_Fisicos!$C$9 | C5: =2*PI()/B5 | D5: =(Parametros_Fisicos!$C$8/Parametros_Fisicos!$C$9)*A5*SQRT(MAX(0.0001, 1 - A5^2))*0.42 | E5: =LN(2)/MAX(0.0001, D5) | F5: Inestable
A6: 0.1 | B6: =A6/Parametros_Fisicos!$C$9 | C6: =2*PI()/B6 | D6: =(Parametros_Fisicos!$C$8/Parametros_Fisicos!$C$9)*A6*SQRT(MAX(0.0001, 1 - A6^2))*0.42 | E6: =LN(2)/MAX(0.0001, D6) | F6: Inestable
A7: 0.15 | B7: =A7/Parametros_Fisicos!$C$9 | C7: =2*PI()/B7 | D7: =(Parametros_Fisicos!$C$8/Parametros_Fisicos!$C$9)*A7*SQRT(MAX(0.0001, 1 - A7^2))*0.42 | E7: =LN(2)/MAX(0.0001, D7) | F7: Inestable
A8: 0.2 | B8: =A8/Parametros_Fisicos!$C$9 | C8: =2*PI()/B8 | D8: =(Parametros_Fisicos!$C$8/Parametros_Fisicos!$C$9)*A8*SQRT(MAX(0.0001, 1 - A8^2))*0.42 | E8: =LN(2)/MAX(0.0001, D8) | F8: Inestable
A9: 0.25 | B9: =A9/Parametros_Fisicos!$C$9 | C9: =2*PI()/B9 | D9: =(Parametros_Fisicos!$C$8/Parametros_Fisicos!$C$9)*A9*SQRT(MAX(0.0001, 1 - A9^2))*0.42 | E9: =LN(2)/MAX(0.0001, D9) | F9: Inestable
A10: 0.3 | B10: =A10/Parametros_Fisicos!$C$9 | C10: =2*PI()/B10 | D10: =(Parametros_Fisicos!$C$8/Parametros_Fisicos!$C$9)*A10*SQRT(MAX(0.0001, 1 - A10^2))*0.42 | E10: =LN(2)/MAX(0.0001, D10) | F10: Inestable
A11: 0.35 | B11: =A11/Parametros_Fisicos!$C$9 | C11: =2*PI()/B11 | D11: =(Parametros_Fisicos!$C$8/Parametros_Fisicos!$C$9)*A11*SQRT(MAX(0.0001, 1 - A11^2))*0.42 | E11: =LN(2)/MAX(0.0001, D11) | F11: Inestable
A12: 0.4 | B12: =A12/Parametros_Fisicos!$C$9 | C12: =2*PI()/B12 | D12: =(Parametros_Fisicos!$C$8/Parametros_Fisicos!$C$9)*A12*SQRT(MAX(0.0001, 1 - A12^2))*0.42 | E12: =LN(2)/MAX(0.0001, D12) | F12: Inestable
A13: 0.4446 | B13: =A13/Parametros_Fisicos!$C$9 | C13: =2*PI()/B13 | D13: =(Parametros_Fisicos!$C$8/Parametros_Fisicos!$C$9)*A13*SQRT(MAX(0.0001, 1 - A13^2))*0.42 | E13: =LN(2)/MAX(0.0001, D13) | F13: Inestable (Pico Óptimo)
A14: 0.5 | B14: =A14/Parametros_Fisicos!$C$9 | C14: =2*PI()/B14 | D14: =(Parametros_Fisicos!$C$8/Parametros_Fisicos!$C$9)*A14*SQRT(MAX(0.0001, 1 - A14^2))*0.42 | E14: =LN(2)/MAX(0.0001, D14) | F14: Inestable
A15: 0.6 | B15: =A15/Parametros_Fisicos!$C$9 | C15: =2*PI()/B15 | D15: =(Parametros_Fisicos!$C$8/Parametros_Fisicos!$C$9)*A15*SQRT(MAX(0.0001, 1 - A15^2))*0.42 | E15: =LN(2)/MAX(0.0001, D15) | F15: Inestable
A16: 0.7 | B16: =A16/Parametros_Fisicos!$C$9 | C16: =2*PI()/B16 | D16: =(Parametros_Fisicos!$C$8/Parametros_Fisicos!$C$9)*A16*SQRT(MAX(0.0001, 1 - A16^2))*0.42 | E16: =LN(2)/MAX(0.0001, D16) | F16: Inestable
... A19: 1 | B19: =A19/Parametros_Fisicos!$C$9 | C19: =2*PI()/B19 | D19: =(Parametros_Fisicos!$C$8/Parametros_Fisicos!$C$9)*A19*SQRT(MAX(0.0001, 1 - A19^2))*0.42 | E19: =LN(2)/MAX(0.0001, D19) | F19: Estable / Corte Neutro

Sheet Evolucion_Enstrofia_RK4
A1: CONTINUUM LAB // TELEMETRÍA DEL INTEGRADOR RUNGE-KUTTA 4
A2: Evolución de Enstrofia Ω(t), Energía Cinética E_k(t) y Vorticidad Máxima
A4: Paso | B4: Tiempo t [s] | C4: Enstrofia Ω [m²/s²] | D4: Energía Cinética E_k [J/kg] | E4: |ω_max| [s⁻¹] | F4: Espesor Momentum θ [mm] | G4: Criterio Ri | H4: Fase Dinámica
A5: 0 | B5: 0 | C5: 29.5741 | D5: 0.25 | E5: 22.22 | F5: 11.23 | G5: 0.135 | H5: 1: Cizalla Laminar
A6: 24 | B6: 0.412 | C6: 29.5096 | D6: 0.24965 | E6: 22.24 | F6: 11.25 | G6: 0.1383 | H6: 1: Cizalla Laminar
A7: 48 | B7: 0.824 | C7: 29.4846 | D7: 0.24929 | E7: 22.28 | F7: 11.28 | G7: 0.1415 | H7: 1: Cizalla Laminar
A8: 72 | B8: 1.235 | C8: 29.5191 | D8: 0.24894 | E8: 22.36 | F8: 11.32 | G8: 0.1445 | H8: 1: Cizalla Laminar
A9: 96 | B9: 1.647 | C9: 29.6403 | D9: 0.24859 | E9: 22.48 | F9: 11.38 | G9: 0.1472 | H9: 1: Cizalla Laminar
A10: 120 | B10: 2.059 | C10: 29.8815 | D10: 0.24824 | E10: 22.7 | F10: 11.46 | G10: 0.1497 | H10: 1: Cizalla Laminar
A11: 144 | B11: 2.471 | C11: 30.281 | D11: 0.24788 | E11: 23.04 | F11: 11.59 | G11: 0.1517 | H11: 1: Cizalla Laminar
A12: 168 | B12: 2.882 | C12: 30.8789 | D12: 0.24753 | E12: 23.54 | F12: 11.78 | G12: 0.1533 | H12: 1: Cizalla Laminar
A13: 192 | B13: 3.294 | C13: 31.7109 | D13: 0.24718 | E13: 24.27 | F13: 12.04 | G13: 0.1544 | H13: 2: Crecimiento Ondulatorio
A14: 216 | B14: 3.706 | C14: 32.8013 | D14: 0.24682 | E14: 25.26 | F14: 12.41 | G14: 0.1549 | H14: 2: Crecimiento Ondulatorio
A15: 240 | B15: 4.118 | C15: 34.1541 | D15: 0.24647 | E15: 26.52 | F15: 12.91 | G15: 0.1549 | H15: 2: Crecimiento Ondulatorio
A16: 264 | B16: 4.529 | C16: 35.7447 | D16: 0.24612 | E16: 28.04 | F16: 13.54 | G16: 0.1544 | H16: 2: Crecimiento Ondulatorio
... A39: 816 | B39: 14 | C39: 25.5907 | D39: 0.238 | E39: 22.24 | F39: 19.7 | G39: 0.1224 | H39: 4: Pairing de Vórtices
A40: PROMEDIO | C40: =AVERAGE(C5:C39) | D40: =AVERAGE(D5:D39) | E40: =MAX(E5:E39)
