Workbook

Sheet KPIs & Parametros
A1: CONTINUUM LAB // BENCHMARK: ENTRADA EN PÉRDIDA Y DESPRENDIMIENTO DE CAPA LÍMITE
A2: Perfil NACA 0012 | Re = 1.0E+06 | Colapso Crítico a 18.5° | Fórmulas Dinámicas ISO/IEC 29500
A4: Parámetro Físico | B4: Símbolo | C4: Valor Entrada | D4: Unidad | E4: Descripción Técnica | F4: Base Teórica / Ecuación
A5: Cuerda Aerodinámica | B5: c | C5: 1 | D5: m | E5: Longitud de referencia del perfil | F5: Geometría NACA 4-dígitos
A6: Espesor Relativo Máximo | B6: t/c | C6: 0.12 | D6: - | E6: Espesor NACA 0012 al 30% de cuerda | F6: y_t(x/c) = 5*t*c*(...)
A7: Velocidad de Corriente Libre | B7: U_inf | C7: 50 | D7: m/s | E7: Velocidad asintótica del flujo | F7: U_inf = 180 km/h
A8: Densidad del Aire | B8: rho | C8: 1.225 | D8: kg/m³ | E8: Atmósfera estándar a nivel del mar (ISA) | F8: p = rho * R * T
A9: Viscosidad Cinemática | B9: nu | C9: 1.5e-05 | D9: m²/s | E9: Viscosidad molecular del aire a 15°C | F9: nu = mu / rho
A10: Número de Reynolds | B10: Re_c | C10: =C7*C5/C9 | D10: - | E10: Régimen aerodinámico incompresible | F10: Re = U_inf * c / nu
A11: Ángulo de Pérdida Crítica | B11: alpha_crit | C11: 18.5 | D11: grados | E11: Ángulo de ataque de colapso de sustentación | F11: Desprendimiento masivo
A14: MÉTRICAS CLAVE DEL COLAPSO AERODINÁMICO (STALL AT 18.5°)
A15: Métrica Aerodinámica | B15: Régimen Adherido (α = 4.0°) | C15: Pico Máximo (α = 15.5°) | D15: Pérdida Profunda (α = 18.5°) | E15: Variación Relativa | F15: Impacto Físico en Vuelo
A16: Coeficiente de Sustentación (C_L) | B16: ='Polar Aerodinamica (Alpha)'!D14 | C16: ='Polar Aerodinamica (Alpha)'!D37 | D16: ='Polar Aerodinamica (Alpha)'!D43 | E16: =(D16-C16)/C16 | F16: COLAPSO MASIVO DEL 74% (Pérdida de sustentación)
A17: Coeficiente de Resistencia (C_D) | B17: ='Polar Aerodinamica (Alpha)'!E14 | C17: ='Polar Aerodinamica (Alpha)'!E37 | D17: ='Polar Aerodinamica (Alpha)'!E43 | E17: =(D17-B17)/B17 | F17: EXPLOSIÓN DE RESISTENCIA > 1700% (Arrastre parásito)
A18: Eficiencia Aerodinámica (L/D) | B18: ='Polar Aerodinamica (Alpha)'!F14 | C18: ='Polar Aerodinamica (Alpha)'!F37 | D18: ='Polar Aerodinamica (Alpha)'!F43 | E18: =(D18-B18)/B18 | F18: Destrucción total del planeo aerodinámico
A19: Punto de Separación (x_sep / c) | B19: ='Polar Aerodinamica (Alpha)'!G14 | C19: ='Polar Aerodinamica (Alpha)'!G37 | D19: ='Polar Aerodinamica (Alpha)'!G43 | E19: =D19-B19 | F19: Desprendimiento avanza del borde de salida al 15%
A20: Gradiente de Velocidad en Pared | B20: =2.0 | C20: =0.0 | D20: =-0.50 | E20: ='Separado' | F20: d(u/U_e)/d(y)|_w <= 0 => Flujo recirculante inverso

Sheet Polar Aerodinamica (Alpha)
A1: Ángulo α [°] | B1: Ángulo α [rad] | C1: C_L Lineal (Teórico 2πα) | D1: C_L Real (No-lineal) | E1: C_D Real (Resistencia) | F1: Eficiencia L/D | G1: Punto Separación x_sep/c | H1: Parámetro Λ (Pohlhausen) | I1: Estado del Flujo
A2: -2 | B2: =RADIANS(A2) | C2: =2*PI()*B2 | D2: -0.21932454 | E2: 0.011002302 | F2: =D2/MAX(E2, 0.0001) | G2: 1 | H2: 1 | I2: Completamente Adherido
A3: -1.5 | B3: =RADIANS(A3) | C3: =2*PI()*B3 | D3: -0.16449341 | E3: 0.009688795 | F3: =D3/MAX(E3, 0.0001) | G3: 1 | H3: 1 | I3: Completamente Adherido
A4: -1 | B4: =RADIANS(A4) | C4: =2*PI()*B4 | D4: -0.10966227 | E4: 0.0087505756 | F4: =D4/MAX(E4, 0.0001) | G4: 1 | H4: 1 | I4: Completamente Adherido
A5: -0.5 | B5: =RADIANS(A5) | C5: =2*PI()*B5 | D5: -0.054831136 | E5: 0.0081876439 | F5: =D5/MAX(E5, 0.0001) | G5: 1 | H5: 1 | I5: Completamente Adherido
A6: 0 | B6: =RADIANS(A6) | C6: =2*PI()*B6 | D6: 0 | E6: 0.008 | F6: =D6/MAX(E6, 0.0001) | G6: 1 | H6: 1 | I6: Completamente Adherido
A7: 0.5 | B7: =RADIANS(A7) | C7: =2*PI()*B7 | D7: 0.054831136 | E7: 0.0081876439 | F7: =D7/MAX(E7, 0.0001) | G7: 1 | H7: 1 | I7: Completamente Adherido
A8: 1 | B8: =RADIANS(A8) | C8: =2*PI()*B8 | D8: 0.10966227 | E8: 0.0087505756 | F8: =D8/MAX(E8, 0.0001) | G8: 1 | H8: 1 | I8: Completamente Adherido
A9: 1.5 | B9: =RADIANS(A9) | C9: =2*PI()*B9 | D9: 0.16449341 | E9: 0.009688795 | F9: =D9/MAX(E9, 0.0001) | G9: 1 | H9: 1 | I9: Completamente Adherido
A10: 2 | B10: =RADIANS(A10) | C10: =2*PI()*B10 | D10: 0.21932454 | E10: 0.011002302 | F10: =D10/MAX(E10, 0.0001) | G10: 1 | H10: 1 | I10: Completamente Adherido
A11: 2.5 | B11: =RADIANS(A11) | C11: =2*PI()*B11 | D11: 0.27415568 | E11: 0.012691097 | F11: =D11/MAX(E11, 0.0001) | G11: 1 | H11: 1 | I11: Completamente Adherido
A12: 3 | B12: =RADIANS(A12) | C12: =2*PI()*B12 | D12: 0.32898681 | E12: 0.01475518 | F12: =D12/MAX(E12, 0.0001) | G12: 1 | H12: 1 | I12: Completamente Adherido
A13: 3.5 | B13: =RADIANS(A13) | C13: =2*PI()*B13 | D13: 0.38381795 | E13: 0.017194551 | F13: =D13/MAX(E13, 0.0001) | G13: 1 | H13: 1 | I13: Completamente Adherido
... A50: 22 | B50: =RADIANS(A50) | C50: =2*PI()*B50 | D50: 0.403 | E50: 0.68889162 | F50: =D50/MAX(E50, 0.0001) | G50: 0.15 | H50: -15 | I50: Perdida Aerodinamica Profunda

Sheet Gradiente Presion Cp(x)
A1: Posición Cuerda x/c | B1: C_p Extradós (α = 4.0°) | C1: C_p Intradós (α = 4.0°) | D1: ΔC_p Sustentación (4°) | E1: C_p Extradós (α = 18.5°) | F1: C_p Intradós (α = 18.5°) | G1: ΔC_p Sustentación (18.5°) | H1: Gradiente dp/dx (18.5°) | I1: Signo Gradiente
A2: 0.005 | B2: -1.2553101 | C2: 1 | D2: =C2-B2 | E2: -5.6833878 | F2: 1 | G2: =F2-E2 | H2: 104.44101 | I2: =IF(H2>0, "ADVERSO (dp/dx > 0)", "FAVORABLE")
A3: 0.025204082 | B3: -0.83081719 | C3: 0.71939245 | D3: =C3-B3 | E3: -3.5732531 | F3: 1 | G3: =F3-E3 | H3: =(E3-E2)/(A3-A2) | I3: =IF(H3>0, "ADVERSO (dp/dx > 0)", "FAVORABLE")
A4: 0.045408163 | B4: -0.68793905 | C4: 0.54147968 | D4: =C4-B4 | E4: -2.8277746 | F4: 1 | G4: =F4-E4 | H4: =(E4-E3)/(A4-A3) | I4: =IF(H4>0, "ADVERSO (dp/dx > 0)", "FAVORABLE")
A5: 0.065612245 | B5: -0.61234173 | C5: 0.44001523 | D5: =C5-B5 | E5: -2.4156248 | F5: 1 | G5: =F5-E5 | H5: =(E5-E4)/(A5-A4) | I5: =IF(H5>0, "ADVERSO (dp/dx > 0)", "FAVORABLE")
A6: 0.085816327 | B6: -0.56440417 | C6: 0.37158469 | D6: =C6-B6 | E6: -2.1443889 | F6: 1 | G6: =F6-E6 | H6: =(E6-E5)/(A6-A5) | I6: =IF(H6>0, "ADVERSO (dp/dx > 0)", "FAVORABLE")
A7: 0.10602041 | B7: -0.53068839 | C7: 0.32110598 | D7: =C7-B7 | E7: -1.947943 | F7: 1 | G7: =F7-E7 | H7: =(E7-E6)/(A7-A6) | I7: =IF(H7>0, "ADVERSO (dp/dx > 0)", "FAVORABLE")
A8: 0.12622449 | B8: -0.5052563 | C8: 0.28174259 | D8: =C8-B8 | E8: -1.7966522 | F8: 1 | G8: =F8-E8 | H8: =(E8-E7)/(A8-A7) | I8: =IF(H8>0, "ADVERSO (dp/dx > 0)", "FAVORABLE")
A9: 0.14642857 | B9: -0.48504537 | C9: 0.24987355 | D9: =C9-B9 | E9: -1.6750029 | F9: 1 | G9: =F9-E9 | H9: =(E9-E8)/(A9-A8) | I9: =IF(H9>0, "ADVERSO (dp/dx > 0)", "FAVORABLE")
A10: 0.16663265 | B10: -0.46830549 | C10: 0.22337152 | D10: =C10-B10 | E10: -1.5714942 | F10: 1 | G10: =F10-E10 | H10: =(E10-E9)/(A10-A9) | I10: =IF(H10>0, "ADVERSO (dp/dx > 0)", "FAVORABLE")
A11: 0.18683673 | B11: -0.45396043 | C11: 0.20089001 | D11: =C11-B11 | E11: -1.5684636 | F11: 1 | G11: =F11-E11 | H11: =(E11-E10)/(A11-A10) | I11: =IF(H11>0, "ADVERSO (dp/dx > 0)", "FAVORABLE")
A12: 0.20704082 | B12: -0.44131082 | C12: 0.18152747 | D12: =C12-B12 | E12: -1.565433 | F12: 1 | G12: =F12-E12 | H12: =(E12-E11)/(A12-A11) | I12: =IF(H12>0, "ADVERSO (dp/dx > 0)", "FAVORABLE")
A13: 0.2272449 | B13: -0.42988224 | C13: 0.16465297 | D13: =C13-B13 | E13: -1.5624024 | F13: 1 | G13: =F13-E13 | H13: =(E13-E12)/(A13-A12) | I13: =IF(H13>0, "ADVERSO (dp/dx > 0)", "FAVORABLE")
A14: 0.24744898 | B14: -0.4193416 | C14: 0.14980901 | D14: =C14-B14 | E14: -1.5593718 | F14: 1 | G14: =F14-E14 | H14: =(E14-E13)/(A14-A13) | I14: =IF(H14>0, "ADVERSO (dp/dx > 0)", "FAVORABLE")
... A51: 0.995 | B51: -0.012252289 | C51: 0.0086613006 | D51: =C51-B51 | E51: -1.4472391 | F51: 0.044397627 | G51: =F51-E51 | H51: =(E51-E50)/(A51-A50) | I51: =IF(H51>0, "ADVERSO (dp/dx > 0)", "FAVORABLE")

Sheet Perfil Capa Limite Pohlhausen
A1: Adimensional η = y/δ | B1: Perfil Base F(η) | C1: Forma G(η) | D1: Adherido (Λ = +2.0) | E1: Placa Plana (Λ = 0.0) | F1: Frenado (Λ = -6.0) | G1: PUNTO SEPARACIÓN (Λ = -12.0) | H1: Flujo Inverso (Λ = -15.0)
A2: 0 | B2: =2*A2-2*POWER(A2,3)+POWER(A2,4) | C2: =(A2*POWER(1-A2,3))/6 | D2: =B2+2*C2 | E2: =B2 | F2: =B2-6*C2 | G2: =B2-12*C2 | H2: =B2-15*C2
A3: 0.025 | B3: =2*A3-2*POWER(A3,3)+POWER(A3,4) | C3: =(A3*POWER(1-A3,3))/6 | D3: =B3+2*C3 | E3: =B3 | F3: =B3-6*C3 | G3: =B3-12*C3 | H3: =B3-15*C3
A4: 0.05 | B4: =2*A4-2*POWER(A4,3)+POWER(A4,4) | C4: =(A4*POWER(1-A4,3))/6 | D4: =B4+2*C4 | E4: =B4 | F4: =B4-6*C4 | G4: =B4-12*C4 | H4: =B4-15*C4
A5: 0.075 | B5: =2*A5-2*POWER(A5,3)+POWER(A5,4) | C5: =(A5*POWER(1-A5,3))/6 | D5: =B5+2*C5 | E5: =B5 | F5: =B5-6*C5 | G5: =B5-12*C5 | H5: =B5-15*C5
A6: 0.1 | B6: =2*A6-2*POWER(A6,3)+POWER(A6,4) | C6: =(A6*POWER(1-A6,3))/6 | D6: =B6+2*C6 | E6: =B6 | F6: =B6-6*C6 | G6: =B6-12*C6 | H6: =B6-15*C6
A7: 0.125 | B7: =2*A7-2*POWER(A7,3)+POWER(A7,4) | C7: =(A7*POWER(1-A7,3))/6 | D7: =B7+2*C7 | E7: =B7 | F7: =B7-6*C7 | G7: =B7-12*C7 | H7: =B7-15*C7
A8: 0.15 | B8: =2*A8-2*POWER(A8,3)+POWER(A8,4) | C8: =(A8*POWER(1-A8,3))/6 | D8: =B8+2*C8 | E8: =B8 | F8: =B8-6*C8 | G8: =B8-12*C8 | H8: =B8-15*C8
A9: 0.175 | B9: =2*A9-2*POWER(A9,3)+POWER(A9,4) | C9: =(A9*POWER(1-A9,3))/6 | D9: =B9+2*C9 | E9: =B9 | F9: =B9-6*C9 | G9: =B9-12*C9 | H9: =B9-15*C9
A10: 0.2 | B10: =2*A10-2*POWER(A10,3)+POWER(A10,4) | C10: =(A10*POWER(1-A10,3))/6 | D10: =B10+2*C10 | E10: =B10 | F10: =B10-6*C10 | G10: =B10-12*C10 | H10: =B10-15*C10
A11: 0.225 | B11: =2*A11-2*POWER(A11,3)+POWER(A11,4) | C11: =(A11*POWER(1-A11,3))/6 | D11: =B11+2*C11 | E11: =B11 | F11: =B11-6*C11 | G11: =B11-12*C11 | H11: =B11-15*C11
A12: 0.25 | B12: =2*A12-2*POWER(A12,3)+POWER(A12,4) | C12: =(A12*POWER(1-A12,3))/6 | D12: =B12+2*C12 | E12: =B12 | F12: =B12-6*C12 | G12: =B12-12*C12 | H12: =B12-15*C12
A13: 0.275 | B13: =2*A13-2*POWER(A13,3)+POWER(A13,4) | C13: =(A13*POWER(1-A13,3))/6 | D13: =B13+2*C13 | E13: =B13 | F13: =B13-6*C13 | G13: =B13-12*C13 | H13: =B13-15*C13
... A42: 1 | B42: =2*A42-2*POWER(A42,3)+POWER(A42,4) | C42: =(A42*POWER(1-A42,3))/6 | D42: =B42+2*C42 | E42: =B42 | F42: =B42-6*C42 | G42: =B42-12*C42 | H42: =B42-15*C42
