Workbook

Sheet Parametros_del_Rotor
A1: CONTINUUM LAB // MECÁNICA DE FLUIDOS Y AERODINÁMICA
A2: MODELO DE EFECTO MAGNUS Y ROTOR FLETTNER
A3: Parámetros del Fluido, Geometría del Cilindro y Condiciones de Flujo
A5: Parámetro Físico | B5: Símbolo | C5: Valor / Fórmula Dinámica | D5: Unidad | E5: Descripción y Referencia
A6: Densidad del Aire | B6: rho | C6: 1.225 | D6: kg/m³ | E6: Densidad atmosférica ISA a nivel del mar
A7: Viscosidad Cinemática del Aire | B7: nu | C7: 1.5e-05 | D7: m²/s | E7: Viscosidad a 15°C y 1 atm
A8: Velocidad de Flujo Libre | B8: U_inf | C8: 10 | D8: m/s | E8: Velocidad del viento relativo incidente
A9: Radio del Cilindro | B9: R | C9: 1 | D9: m | E9: Radio exterior del rotor
A10: Diámetro del Cilindro | B10: D | C10: =2*C9 | D10: m | E10: Diámetro nominal D = 2*R
A11: Longitud / Altura del Rotor | B11: H | C11: 10 | D11: m | E11: Envergadura del rotor
A12: Área Frontal Proyectada | B12: A_proj | C12: =C10*C11 | D12: m² | E12: Área de referencia A = D * H
A13: Presión Dinámica del Flujo | B13: q_inf | C13: =0.5*C6*C8^2 | D13: Pa | E13: q = 0.5 * rho * U_inf²
A14: Número de Reynolds | B14: Re | C14: =(C8*C10)/C7 | D14: - | E14: Re = (U_inf * D) / nu (Flujo turbulento)
A15: Velocidad Angular Base | B15: omega_ref | C15: 20 | D15: rad/s | E15: Velocidad de rotación angular de referencia
A16: RPM de Referencia | B16: RPM_ref | C16: =(C15*60)/(2*PI()) | D16: RPM | E16: Frecuencia de rotación en revoluciones/min

Sheet Analisis_Potencial_vs_Real
A1: BARRIDO DE PARÁMETRO DE GIRO (SPIN RATIO ALPHA) Y SUSTENTACIÓN
A2: Comparativa Teórica Kutta-Joukowski vs Sustentación Real Viscosa Saturada
A4: Spin Ratio (alpha) | B4: Omega (rad/s) | C4: Rotor (RPM) | D4: Circulación Gamma (m²/s) | E4: CL Ideal (2*pi*alpha) | F4: CL Real (Viscoso) | G4: CD Real | H4: Eficiencia L/D | I4: Sustentación L (kN) | J4: Resistencia D (kN) | K4: Estado Estancamiento | L4: Ángulo Theta (°) | M4: Radio Silla (rs/R)
A5: 0 | B5: =A5*Parametros_del_Rotor!$C$8/Parametros_del_Rotor!$C$9 | C5: =(B5*60)/(2*PI()) | D5: =2*PI()*Parametros_del_Rotor!$C$9*Parametros_del_Rotor!$C$8*A5 | E5: =2*PI()*A5 | F5: =IF(A5=0, 0, (2*PI()*A5)/(1+0.16*(A5^1.32))) | G5: =0.48+0.32*(A5^1.22) | H5: =F5/G5 | I5: =(Parametros_del_Rotor!$C$13*Parametros_del_Rotor!$C$12*F5)/1000 | J5: =(Parametros_del_Rotor!$C$13*Parametros_del_Rotor!$C$12*G5)/1000 | K5: =IF(A5<1.99, "SUPERFICIE (DOBLE)", IF(A5<=2.05, "CRÍTICO (FONDO)", "DESPRENDIDO (SILLA)")) | L5: =IF(A5<=2, -DEGREES(ASIN(A5/2)), "-") | M5: =IF(A5>2, (A5+SQRT(A5^2-4))/2, 1.0)
A6: 0.2 | B6: =A6*Parametros_del_Rotor!$C$8/Parametros_del_Rotor!$C$9 | C6: =(B6*60)/(2*PI()) | D6: =2*PI()*Parametros_del_Rotor!$C$9*Parametros_del_Rotor!$C$8*A6 | E6: =2*PI()*A6 | F6: =IF(A6=0, 0, (2*PI()*A6)/(1+0.16*(A6^1.32))) | G6: =0.48+0.32*(A6^1.22) | H6: =F6/G6 | I6: =(Parametros_del_Rotor!$C$13*Parametros_del_Rotor!$C$12*F6)/1000 | J6: =(Parametros_del_Rotor!$C$13*Parametros_del_Rotor!$C$12*G6)/1000 | K6: =IF(A6<1.99, "SUPERFICIE (DOBLE)", IF(A6<=2.05, "CRÍTICO (FONDO)", "DESPRENDIDO (SILLA)")) | L6: =IF(A6<=2, -DEGREES(ASIN(A6/2)), "-") | M6: =IF(A6>2, (A6+SQRT(A6^2-4))/2, 1.0)
A7: 0.5 | B7: =A7*Parametros_del_Rotor!$C$8/Parametros_del_Rotor!$C$9 | C7: =(B7*60)/(2*PI()) | D7: =2*PI()*Parametros_del_Rotor!$C$9*Parametros_del_Rotor!$C$8*A7 | E7: =2*PI()*A7 | F7: =IF(A7=0, 0, (2*PI()*A7)/(1+0.16*(A7^1.32))) | G7: =0.48+0.32*(A7^1.22) | H7: =F7/G7 | I7: =(Parametros_del_Rotor!$C$13*Parametros_del_Rotor!$C$12*F7)/1000 | J7: =(Parametros_del_Rotor!$C$13*Parametros_del_Rotor!$C$12*G7)/1000 | K7: =IF(A7<1.99, "SUPERFICIE (DOBLE)", IF(A7<=2.05, "CRÍTICO (FONDO)", "DESPRENDIDO (SILLA)")) | L7: =IF(A7<=2, -DEGREES(ASIN(A7/2)), "-") | M7: =IF(A7>2, (A7+SQRT(A7^2-4))/2, 1.0)
A8: 0.8 | B8: =A8*Parametros_del_Rotor!$C$8/Parametros_del_Rotor!$C$9 | C8: =(B8*60)/(2*PI()) | D8: =2*PI()*Parametros_del_Rotor!$C$9*Parametros_del_Rotor!$C$8*A8 | E8: =2*PI()*A8 | F8: =IF(A8=0, 0, (2*PI()*A8)/(1+0.16*(A8^1.32))) | G8: =0.48+0.32*(A8^1.22) | H8: =F8/G8 | I8: =(Parametros_del_Rotor!$C$13*Parametros_del_Rotor!$C$12*F8)/1000 | J8: =(Parametros_del_Rotor!$C$13*Parametros_del_Rotor!$C$12*G8)/1000 | K8: =IF(A8<1.99, "SUPERFICIE (DOBLE)", IF(A8<=2.05, "CRÍTICO (FONDO)", "DESPRENDIDO (SILLA)")) | L8: =IF(A8<=2, -DEGREES(ASIN(A8/2)), "-") | M8: =IF(A8>2, (A8+SQRT(A8^2-4))/2, 1.0)
A9: 1 | B9: =A9*Parametros_del_Rotor!$C$8/Parametros_del_Rotor!$C$9 | C9: =(B9*60)/(2*PI()) | D9: =2*PI()*Parametros_del_Rotor!$C$9*Parametros_del_Rotor!$C$8*A9 | E9: =2*PI()*A9 | F9: =IF(A9=0, 0, (2*PI()*A9)/(1+0.16*(A9^1.32))) | G9: =0.48+0.32*(A9^1.22) | H9: =F9/G9 | I9: =(Parametros_del_Rotor!$C$13*Parametros_del_Rotor!$C$12*F9)/1000 | J9: =(Parametros_del_Rotor!$C$13*Parametros_del_Rotor!$C$12*G9)/1000 | K9: =IF(A9<1.99, "SUPERFICIE (DOBLE)", IF(A9<=2.05, "CRÍTICO (FONDO)", "DESPRENDIDO (SILLA)")) | L9: =IF(A9<=2, -DEGREES(ASIN(A9/2)), "-") | M9: =IF(A9>2, (A9+SQRT(A9^2-4))/2, 1.0)
A10: 1.2 | B10: =A10*Parametros_del_Rotor!$C$8/Parametros_del_Rotor!$C$9 | C10: =(B10*60)/(2*PI()) | D10: =2*PI()*Parametros_del_Rotor!$C$9*Parametros_del_Rotor!$C$8*A10 | E10: =2*PI()*A10 | F10: =IF(A10=0, 0, (2*PI()*A10)/(1+0.16*(A10^1.32))) | G10: =0.48+0.32*(A10^1.22) | H10: =F10/G10 | I10: =(Parametros_del_Rotor!$C$13*Parametros_del_Rotor!$C$12*F10)/1000 | J10: =(Parametros_del_Rotor!$C$13*Parametros_del_Rotor!$C$12*G10)/1000 | K10: =IF(A10<1.99, "SUPERFICIE (DOBLE)", IF(A10<=2.05, "CRÍTICO (FONDO)", "DESPRENDIDO (SILLA)")) | L10: =IF(A10<=2, -DEGREES(ASIN(A10/2)), "-") | M10: =IF(A10>2, (A10+SQRT(A10^2-4))/2, 1.0)
A11: 1.5 | B11: =A11*Parametros_del_Rotor!$C$8/Parametros_del_Rotor!$C$9 | C11: =(B11*60)/(2*PI()) | D11: =2*PI()*Parametros_del_Rotor!$C$9*Parametros_del_Rotor!$C$8*A11 | E11: =2*PI()*A11 | F11: =IF(A11=0, 0, (2*PI()*A11)/(1+0.16*(A11^1.32))) | G11: =0.48+0.32*(A11^1.22) | H11: =F11/G11 | I11: =(Parametros_del_Rotor!$C$13*Parametros_del_Rotor!$C$12*F11)/1000 | J11: =(Parametros_del_Rotor!$C$13*Parametros_del_Rotor!$C$12*G11)/1000 | K11: =IF(A11<1.99, "SUPERFICIE (DOBLE)", IF(A11<=2.05, "CRÍTICO (FONDO)", "DESPRENDIDO (SILLA)")) | L11: =IF(A11<=2, -DEGREES(ASIN(A11/2)), "-") | M11: =IF(A11>2, (A11+SQRT(A11^2-4))/2, 1.0)
A12: 1.8 | B12: =A12*Parametros_del_Rotor!$C$8/Parametros_del_Rotor!$C$9 | C12: =(B12*60)/(2*PI()) | D12: =2*PI()*Parametros_del_Rotor!$C$9*Parametros_del_Rotor!$C$8*A12 | E12: =2*PI()*A12 | F12: =IF(A12=0, 0, (2*PI()*A12)/(1+0.16*(A12^1.32))) | G12: =0.48+0.32*(A12^1.22) | H12: =F12/G12 | I12: =(Parametros_del_Rotor!$C$13*Parametros_del_Rotor!$C$12*F12)/1000 | J12: =(Parametros_del_Rotor!$C$13*Parametros_del_Rotor!$C$12*G12)/1000 | K12: =IF(A12<1.99, "SUPERFICIE (DOBLE)", IF(A12<=2.05, "CRÍTICO (FONDO)", "DESPRENDIDO (SILLA)")) | L12: =IF(A12<=2, -DEGREES(ASIN(A12/2)), "-") | M12: =IF(A12>2, (A12+SQRT(A12^2-4))/2, 1.0)
A13: 2 | B13: =A13*Parametros_del_Rotor!$C$8/Parametros_del_Rotor!$C$9 | C13: =(B13*60)/(2*PI()) | D13: =2*PI()*Parametros_del_Rotor!$C$9*Parametros_del_Rotor!$C$8*A13 | E13: =2*PI()*A13 | F13: =IF(A13=0, 0, (2*PI()*A13)/(1+0.16*(A13^1.32))) | G13: =0.48+0.32*(A13^1.22) | H13: =F13/G13 | I13: =(Parametros_del_Rotor!$C$13*Parametros_del_Rotor!$C$12*F13)/1000 | J13: =(Parametros_del_Rotor!$C$13*Parametros_del_Rotor!$C$12*G13)/1000 | K13: =IF(A13<1.99, "SUPERFICIE (DOBLE)", IF(A13<=2.05, "CRÍTICO (FONDO)", "DESPRENDIDO (SILLA)")) | L13: =IF(A13<=2, -DEGREES(ASIN(A13/2)), "-") | M13: =IF(A13>2, (A13+SQRT(A13^2-4))/2, 1.0)
A14: 2.2 | B14: =A14*Parametros_del_Rotor!$C$8/Parametros_del_Rotor!$C$9 | C14: =(B14*60)/(2*PI()) | D14: =2*PI()*Parametros_del_Rotor!$C$9*Parametros_del_Rotor!$C$8*A14 | E14: =2*PI()*A14 | F14: =IF(A14=0, 0, (2*PI()*A14)/(1+0.16*(A14^1.32))) | G14: =0.48+0.32*(A14^1.22) | H14: =F14/G14 | I14: =(Parametros_del_Rotor!$C$13*Parametros_del_Rotor!$C$12*F14)/1000 | J14: =(Parametros_del_Rotor!$C$13*Parametros_del_Rotor!$C$12*G14)/1000 | K14: =IF(A14<1.99, "SUPERFICIE (DOBLE)", IF(A14<=2.05, "CRÍTICO (FONDO)", "DESPRENDIDO (SILLA)")) | L14: =IF(A14<=2, -DEGREES(ASIN(A14/2)), "-") | M14: =IF(A14>2, (A14+SQRT(A14^2-4))/2, 1.0)
A15: 2.5 | B15: =A15*Parametros_del_Rotor!$C$8/Parametros_del_Rotor!$C$9 | C15: =(B15*60)/(2*PI()) | D15: =2*PI()*Parametros_del_Rotor!$C$9*Parametros_del_Rotor!$C$8*A15 | E15: =2*PI()*A15 | F15: =IF(A15=0, 0, (2*PI()*A15)/(1+0.16*(A15^1.32))) | G15: =0.48+0.32*(A15^1.22) | H15: =F15/G15 | I15: =(Parametros_del_Rotor!$C$13*Parametros_del_Rotor!$C$12*F15)/1000 | J15: =(Parametros_del_Rotor!$C$13*Parametros_del_Rotor!$C$12*G15)/1000 | K15: =IF(A15<1.99, "SUPERFICIE (DOBLE)", IF(A15<=2.05, "CRÍTICO (FONDO)", "DESPRENDIDO (SILLA)")) | L15: =IF(A15<=2, -DEGREES(ASIN(A15/2)), "-") | M15: =IF(A15>2, (A15+SQRT(A15^2-4))/2, 1.0)
A16: 2.8 | B16: =A16*Parametros_del_Rotor!$C$8/Parametros_del_Rotor!$C$9 | C16: =(B16*60)/(2*PI()) | D16: =2*PI()*Parametros_del_Rotor!$C$9*Parametros_del_Rotor!$C$8*A16 | E16: =2*PI()*A16 | F16: =IF(A16=0, 0, (2*PI()*A16)/(1+0.16*(A16^1.32))) | G16: =0.48+0.32*(A16^1.22) | H16: =F16/G16 | I16: =(Parametros_del_Rotor!$C$13*Parametros_del_Rotor!$C$12*F16)/1000 | J16: =(Parametros_del_Rotor!$C$13*Parametros_del_Rotor!$C$12*G16)/1000 | K16: =IF(A16<1.99, "SUPERFICIE (DOBLE)", IF(A16<=2.05, "CRÍTICO (FONDO)", "DESPRENDIDO (SILLA)")) | L16: =IF(A16<=2, -DEGREES(ASIN(A16/2)), "-") | M16: =IF(A16>2, (A16+SQRT(A16^2-4))/2, 1.0)
... A20: 4 | B20: =A20*Parametros_del_Rotor!$C$8/Parametros_del_Rotor!$C$9 | C20: =(B20*60)/(2*PI()) | D20: =2*PI()*Parametros_del_Rotor!$C$9*Parametros_del_Rotor!$C$8*A20 | E20: =2*PI()*A20 | F20: =IF(A20=0, 0, (2*PI()*A20)/(1+0.16*(A20^1.32))) | G20: =0.48+0.32*(A20^1.22) | H20: =F20/G20 | I20: =(Parametros_del_Rotor!$C$13*Parametros_del_Rotor!$C$12*F20)/1000 | J20: =(Parametros_del_Rotor!$C$13*Parametros_del_Rotor!$C$12*G20)/1000 | K20: =IF(A20<1.99, "SUPERFICIE (DOBLE)", IF(A20<=2.05, "CRÍTICO (FONDO)", "DESPRENDIDO (SILLA)")) | L20: =IF(A20<=2, -DEGREES(ASIN(A20/2)), "-") | M20: =IF(A20>2, (A20+SQRT(A20^2-4))/2, 1.0)

Sheet Caso_Buque_Carga_Flettner
A1: CASO INDUSTRIAL // PROPULSIÓN EÓLICA EN BUQUE ULTRAMAX 50,000 DWT
A2: Ahorro de Combustible, Potencia Propulsiva y Descarbonización Marina
A3: Cálculo Dinámico de Ahorro con 4 Rotores Flettner de 30m x 5m
A5: Parámetro Operativo / Económico | B5: Símbolo | C5: Valor / Fórmula Dinámica | D5: Unidad | E5: Descripción
A6: Número de Rotores Flettner Instalados | B6: N_rot | C6: 4 | D6: unidades | E6: Cuatro rotores en cubierta
A7: Altura de Cada Rotor | B7: H_rot | C7: 30 | D7: m | E7: Altura del cilindro vertical
A8: Diámetro de Cada Rotor | B8: D_rot | C8: 5 | D8: m | E8: Diámetro exterior
A9: Área Frontal por Rotor | B9: A_rot | C9: =C7*C8 | D9: m² | E9: Área proyectada H * D = 150 m²
A10: Área Total de Rotores | B10: A_total | C10: =C6*C9 | D10: m² | E10: Área total 4 rotores = 600 m²
A11: Velocidad de Crucero del Buque | B11: V_ship_kn | C11: 14 | D11: nudos | E11: Velocidad de crucero comercial
A12: Velocidad de Crucero en m/s | B12: V_ship_ms | C12: =C11*0.514444 | D12: m/s | E12: Conversión a m/s (7.20 m/s)
A13: Viento Aparente Relativo Incident | B13: V_wind | C13: 12 | D13: m/s | E13: Viento aparente (Fuerza 6 Beaufort)
A14: Ángulo de Viento Aparente | B14: Beta_wind | C14: 90 | D14: grados | E14: Viento de través puro (máximo empuje)
A15: Spin Ratio Operativo Objetivo | B15: alpha_target | C15: 3.2 | D15: - | E15: Punto de máxima eficiencia aerodinámica
A16: Coeficiente de Sustentación CL | B16: CL_ship | C16: =(2*PI()*C15)/(1+0.16*(C15^1.32)) | D16: - | E16: CL saturado viscoso a alpha=3.2
A17: Fuerza de Sustentación Neta | B17: L_total_kN | C17: =(0.5*Parametros_del_Rotor!$C$6*C13^2*C10*C16)/1000 | D17: kN | E17: Sustentación total 4 rotores
A18: Potencia Propulsiva Aportada | B18: P_prop_kW | C18: =C17*C12 | D18: kW | E18: P = Empuje * V_ship
A19: Potencia del Motor Principal (MCR) | B19: P_engine_MCR | C19: 7200 | D19: kW | E19: Potencia nominal motor 2 tiempos diésel
A20: Fracción de Potencia Ahorrada | B20: Frac_ahorro | C20: =C18/C19 | D20: % | E20: Porcentaje de potencia diésel reemplazada
A21: Consumo Específico de Combustible (SFOC) | B21: SFOC | C21: 165 | D21: g/kWh | E21: Consumo motor marino VLSFO
A22: Ahorro de Combustible Diario | B22: Fuel_day_ton | C22: =(C18*C21*24)/1000000 | D22: t/día | E22: Toneladas de combustible ahorradas por día
A23: Días de Navegación por Año | B23: Days_year | C23: 260 | D23: días | E23: Días efectivos en alta mar al año
A24: Ahorro de Combustible Anual | B24: Fuel_year_ton | C24: =C22*C23 | D24: t/año | E24: Toneladas de fuel ahorradas anualmente
A25: Precio del Combustible Marino (VLSFO) | B25: Price_fuel | C25: 650 | D25: $/ton | E25: Precio medio de búnker por tonelada
A26: Ahorro Financiero Anual | B26: Cost_savings_yr | C26: =C24*C25 | D26: $/año | E26: Ahorro directo en combustible por año
A27: Factor de Emisión de CO2 | B27: EF_CO2 | C27: 3.114 | D27: t CO2/t fuel | E27: Factor OMI para fuelóleo marino
A28: Reducción de Emisiones CO2 Anual | B28: CO2_reduction_yr | C28: =C24*C27 | D28: t CO2/año | E28: Huella de carbono eliminada

Sheet Distribucion_Presion_Cp
A1: DISTRIBUCIÓN DEL COEFICIENTE DE PRESIÓN SUPERFICIAL CP(THETA)
A2: Cp(theta) = 1 - (-2*sin(theta) - alpha)^2
A4: Ángulo Theta (°) | B4: Theta (rad) | C4: Cp (alpha=0.0 Estático) | D4: Cp (alpha=1.0) | E4: Cp (alpha=2.0 Crítico) | F4: Cp (alpha=3.0 Supercrítico)
A5: 0 | B5: =RADIANS(A5) | C5: =1-(-2*SIN(B5)-0.0)^2 | D5: =1-(-2*SIN(B5)-1.0)^2 | E5: =1-(-2*SIN(B5)-2.0)^2 | F5: =1-(-2*SIN(B5)-3.0)^2
A6: 10 | B6: =RADIANS(A6) | C6: =1-(-2*SIN(B6)-0.0)^2 | D6: =1-(-2*SIN(B6)-1.0)^2 | E6: =1-(-2*SIN(B6)-2.0)^2 | F6: =1-(-2*SIN(B6)-3.0)^2
A7: 20 | B7: =RADIANS(A7) | C7: =1-(-2*SIN(B7)-0.0)^2 | D7: =1-(-2*SIN(B7)-1.0)^2 | E7: =1-(-2*SIN(B7)-2.0)^2 | F7: =1-(-2*SIN(B7)-3.0)^2
A8: 30 | B8: =RADIANS(A8) | C8: =1-(-2*SIN(B8)-0.0)^2 | D8: =1-(-2*SIN(B8)-1.0)^2 | E8: =1-(-2*SIN(B8)-2.0)^2 | F8: =1-(-2*SIN(B8)-3.0)^2
A9: 40 | B9: =RADIANS(A9) | C9: =1-(-2*SIN(B9)-0.0)^2 | D9: =1-(-2*SIN(B9)-1.0)^2 | E9: =1-(-2*SIN(B9)-2.0)^2 | F9: =1-(-2*SIN(B9)-3.0)^2
A10: 50 | B10: =RADIANS(A10) | C10: =1-(-2*SIN(B10)-0.0)^2 | D10: =1-(-2*SIN(B10)-1.0)^2 | E10: =1-(-2*SIN(B10)-2.0)^2 | F10: =1-(-2*SIN(B10)-3.0)^2
A11: 60 | B11: =RADIANS(A11) | C11: =1-(-2*SIN(B11)-0.0)^2 | D11: =1-(-2*SIN(B11)-1.0)^2 | E11: =1-(-2*SIN(B11)-2.0)^2 | F11: =1-(-2*SIN(B11)-3.0)^2
A12: 70 | B12: =RADIANS(A12) | C12: =1-(-2*SIN(B12)-0.0)^2 | D12: =1-(-2*SIN(B12)-1.0)^2 | E12: =1-(-2*SIN(B12)-2.0)^2 | F12: =1-(-2*SIN(B12)-3.0)^2
A13: 80 | B13: =RADIANS(A13) | C13: =1-(-2*SIN(B13)-0.0)^2 | D13: =1-(-2*SIN(B13)-1.0)^2 | E13: =1-(-2*SIN(B13)-2.0)^2 | F13: =1-(-2*SIN(B13)-3.0)^2
A14: 90 | B14: =RADIANS(A14) | C14: =1-(-2*SIN(B14)-0.0)^2 | D14: =1-(-2*SIN(B14)-1.0)^2 | E14: =1-(-2*SIN(B14)-2.0)^2 | F14: =1-(-2*SIN(B14)-3.0)^2
A15: 100 | B15: =RADIANS(A15) | C15: =1-(-2*SIN(B15)-0.0)^2 | D15: =1-(-2*SIN(B15)-1.0)^2 | E15: =1-(-2*SIN(B15)-2.0)^2 | F15: =1-(-2*SIN(B15)-3.0)^2
A16: 110 | B16: =RADIANS(A16) | C16: =1-(-2*SIN(B16)-0.0)^2 | D16: =1-(-2*SIN(B16)-1.0)^2 | E16: =1-(-2*SIN(B16)-2.0)^2 | F16: =1-(-2*SIN(B16)-3.0)^2
... A41: 360 | B41: =RADIANS(A41) | C41: =1-(-2*SIN(B41)-0.0)^2 | D41: =1-(-2*SIN(B41)-1.0)^2 | E41: =1-(-2*SIN(B41)-2.0)^2 | F41: =1-(-2*SIN(B41)-3.0)^2
