Workbook

Sheet Resumen_Sistema
A1: CONTINUUM LAB // LEY CERO DE LA TERMODINÁMICA
A2: Modelo Analítico de Conducción Térmica en Sistema de 3 Cuerpos en Contacto
A4: Cuerpo | B4: Material | C4: Conductividad k [W/m·K] | D4: Densidad ρ [kg/m³] | E4: Calor Específico cp [J/kg·K] | F4: Cap. Volumétrica ρ·cp [J/m³·K] | G4: Volumen V [m³] | H4: Capacitancia C [J/K] | I4: Temp. Inicial T0 [°C]
A5: Cuerpo A | B5: Cobre Puro (Cu) | C5: 401 | D5: 8960 | E5: 385 | F5: =D5*E5 | G5: 0.0035 | H5: =F5*G5 | I5: 100
A6: Cuerpo C | B6: Acero Inoxidable (Sonda) | C6: 54 | D6: 7900 | E6: 500 | F6: =D6*E6 | G6: 0.0028 | H6: =F6*G6 | I6: 25
A7: Cuerpo B | B7: Aluminio Aeronáutico (Al) | C7: 205 | D7: 2700 | E7: 900 | F7: =D7*E7 | G7: 0.0035 | H7: =F7*G7 | I7: 0
A8: SISTEMA GLOBAL | B8: Ensamble Aclimatado | G8: =SUM(G5:G7) | H8: =SUM(H5:H7) | I8: =SUMPRODUCT(H5:H7, I5:I7)/H8
A10: DECLARACIÓN FORMAL DE LA LEY CERO (RALPH H. FOWLER, 1935):
A11: Si el cuerpo A está en equilibrio térmico con C (TA = TC = Teq) y el cuerpo B está en equilibrio con C (TB = TC = Teq),
A12: entonces los cuerpos A y B están en equilibrio térmico entre sí (TA = TB = Teq). La Temperatura es una función de estado universal.

Sheet Evolucion_Temporal
A1: CONTINUUM LAB // HISTORIAL DE CONDUCCIÓN TÉRMICA TRANSIENTE
A2: Registro numérico de temperaturas medias, gradientes y verificación de transitividad
A4: Tiempo t [s] | B4: T_A(t) [°C] | C4: T_C(t) [°C] | D4: T_B(t) [°C] | E4: T_eq Teórica [°C] | F4: ΔT_AC [°C] | G4: ΔT_CB [°C] | H4: ΔT_AB [°C] | I4: Flujo Q_AC [W] | J4: Flujo Q_CB [W] | K4: dS_gen/dt [W/K] | L4: Error Transitividad [°C]
A5: 0 | B5: =Resumen_Sistema!$I$8+(Resumen_Sistema!$I$5-Resumen_Sistema!$I$8)*EXP(-0.16*A5) | C5: =Resumen_Sistema!$I$8+(Resumen_Sistema!$I$6-Resumen_Sistema!$I$8)*EXP(-0.35*A5) | D5: =Resumen_Sistema!$I$8+(Resumen_Sistema!$I$7-Resumen_Sistema!$I$8)*EXP(-0.19*A5) | E5: =Resumen_Sistema!$I$8 | F5: =ABS(B5-C5) | G5: =ABS(C5-D5) | H5: =ABS(B5-D5) | I5: =1850*EXP(-0.16*A5) | J5: =1120*EXP(-0.19*A5) | K5: =4.25*EXP(-0.28*A5) | L5: =H5-(F5+G5)
A6: 0.5 | B6: =Resumen_Sistema!$I$8+(Resumen_Sistema!$I$5-Resumen_Sistema!$I$8)*EXP(-0.16*A6) | C6: =Resumen_Sistema!$I$8+(Resumen_Sistema!$I$6-Resumen_Sistema!$I$8)*EXP(-0.35*A6) | D6: =Resumen_Sistema!$I$8+(Resumen_Sistema!$I$7-Resumen_Sistema!$I$8)*EXP(-0.19*A6) | E6: =Resumen_Sistema!$I$8 | F6: =ABS(B6-C6) | G6: =ABS(C6-D6) | H6: =ABS(B6-D6) | I6: =1850*EXP(-0.16*A6) | J6: =1120*EXP(-0.19*A6) | K6: =4.25*EXP(-0.28*A6) | L6: =H6-(F6+G6)
A7: 1 | B7: =Resumen_Sistema!$I$8+(Resumen_Sistema!$I$5-Resumen_Sistema!$I$8)*EXP(-0.16*A7) | C7: =Resumen_Sistema!$I$8+(Resumen_Sistema!$I$6-Resumen_Sistema!$I$8)*EXP(-0.35*A7) | D7: =Resumen_Sistema!$I$8+(Resumen_Sistema!$I$7-Resumen_Sistema!$I$8)*EXP(-0.19*A7) | E7: =Resumen_Sistema!$I$8 | F7: =ABS(B7-C7) | G7: =ABS(C7-D7) | H7: =ABS(B7-D7) | I7: =1850*EXP(-0.16*A7) | J7: =1120*EXP(-0.19*A7) | K7: =4.25*EXP(-0.28*A7) | L7: =H7-(F7+G7)
A8: 1.5 | B8: =Resumen_Sistema!$I$8+(Resumen_Sistema!$I$5-Resumen_Sistema!$I$8)*EXP(-0.16*A8) | C8: =Resumen_Sistema!$I$8+(Resumen_Sistema!$I$6-Resumen_Sistema!$I$8)*EXP(-0.35*A8) | D8: =Resumen_Sistema!$I$8+(Resumen_Sistema!$I$7-Resumen_Sistema!$I$8)*EXP(-0.19*A8) | E8: =Resumen_Sistema!$I$8 | F8: =ABS(B8-C8) | G8: =ABS(C8-D8) | H8: =ABS(B8-D8) | I8: =1850*EXP(-0.16*A8) | J8: =1120*EXP(-0.19*A8) | K8: =4.25*EXP(-0.28*A8) | L8: =H8-(F8+G8)
A9: 2 | B9: =Resumen_Sistema!$I$8+(Resumen_Sistema!$I$5-Resumen_Sistema!$I$8)*EXP(-0.16*A9) | C9: =Resumen_Sistema!$I$8+(Resumen_Sistema!$I$6-Resumen_Sistema!$I$8)*EXP(-0.35*A9) | D9: =Resumen_Sistema!$I$8+(Resumen_Sistema!$I$7-Resumen_Sistema!$I$8)*EXP(-0.19*A9) | E9: =Resumen_Sistema!$I$8 | F9: =ABS(B9-C9) | G9: =ABS(C9-D9) | H9: =ABS(B9-D9) | I9: =1850*EXP(-0.16*A9) | J9: =1120*EXP(-0.19*A9) | K9: =4.25*EXP(-0.28*A9) | L9: =H9-(F9+G9)
A10: 2.5 | B10: =Resumen_Sistema!$I$8+(Resumen_Sistema!$I$5-Resumen_Sistema!$I$8)*EXP(-0.16*A10) | C10: =Resumen_Sistema!$I$8+(Resumen_Sistema!$I$6-Resumen_Sistema!$I$8)*EXP(-0.35*A10) | D10: =Resumen_Sistema!$I$8+(Resumen_Sistema!$I$7-Resumen_Sistema!$I$8)*EXP(-0.19*A10) | E10: =Resumen_Sistema!$I$8 | F10: =ABS(B10-C10) | G10: =ABS(C10-D10) | H10: =ABS(B10-D10) | I10: =1850*EXP(-0.16*A10) | J10: =1120*EXP(-0.19*A10) | K10: =4.25*EXP(-0.28*A10) | L10: =H10-(F10+G10)
A11: 3 | B11: =Resumen_Sistema!$I$8+(Resumen_Sistema!$I$5-Resumen_Sistema!$I$8)*EXP(-0.16*A11) | C11: =Resumen_Sistema!$I$8+(Resumen_Sistema!$I$6-Resumen_Sistema!$I$8)*EXP(-0.35*A11) | D11: =Resumen_Sistema!$I$8+(Resumen_Sistema!$I$7-Resumen_Sistema!$I$8)*EXP(-0.19*A11) | E11: =Resumen_Sistema!$I$8 | F11: =ABS(B11-C11) | G11: =ABS(C11-D11) | H11: =ABS(B11-D11) | I11: =1850*EXP(-0.16*A11) | J11: =1120*EXP(-0.19*A11) | K11: =4.25*EXP(-0.28*A11) | L11: =H11-(F11+G11)
A12: 3.5 | B12: =Resumen_Sistema!$I$8+(Resumen_Sistema!$I$5-Resumen_Sistema!$I$8)*EXP(-0.16*A12) | C12: =Resumen_Sistema!$I$8+(Resumen_Sistema!$I$6-Resumen_Sistema!$I$8)*EXP(-0.35*A12) | D12: =Resumen_Sistema!$I$8+(Resumen_Sistema!$I$7-Resumen_Sistema!$I$8)*EXP(-0.19*A12) | E12: =Resumen_Sistema!$I$8 | F12: =ABS(B12-C12) | G12: =ABS(C12-D12) | H12: =ABS(B12-D12) | I12: =1850*EXP(-0.16*A12) | J12: =1120*EXP(-0.19*A12) | K12: =4.25*EXP(-0.28*A12) | L12: =H12-(F12+G12)
A13: 4 | B13: =Resumen_Sistema!$I$8+(Resumen_Sistema!$I$5-Resumen_Sistema!$I$8)*EXP(-0.16*A13) | C13: =Resumen_Sistema!$I$8+(Resumen_Sistema!$I$6-Resumen_Sistema!$I$8)*EXP(-0.35*A13) | D13: =Resumen_Sistema!$I$8+(Resumen_Sistema!$I$7-Resumen_Sistema!$I$8)*EXP(-0.19*A13) | E13: =Resumen_Sistema!$I$8 | F13: =ABS(B13-C13) | G13: =ABS(C13-D13) | H13: =ABS(B13-D13) | I13: =1850*EXP(-0.16*A13) | J13: =1120*EXP(-0.19*A13) | K13: =4.25*EXP(-0.28*A13) | L13: =H13-(F13+G13)
A14: 4.5 | B14: =Resumen_Sistema!$I$8+(Resumen_Sistema!$I$5-Resumen_Sistema!$I$8)*EXP(-0.16*A14) | C14: =Resumen_Sistema!$I$8+(Resumen_Sistema!$I$6-Resumen_Sistema!$I$8)*EXP(-0.35*A14) | D14: =Resumen_Sistema!$I$8+(Resumen_Sistema!$I$7-Resumen_Sistema!$I$8)*EXP(-0.19*A14) | E14: =Resumen_Sistema!$I$8 | F14: =ABS(B14-C14) | G14: =ABS(C14-D14) | H14: =ABS(B14-D14) | I14: =1850*EXP(-0.16*A14) | J14: =1120*EXP(-0.19*A14) | K14: =4.25*EXP(-0.28*A14) | L14: =H14-(F14+G14)
A15: 5 | B15: =Resumen_Sistema!$I$8+(Resumen_Sistema!$I$5-Resumen_Sistema!$I$8)*EXP(-0.16*A15) | C15: =Resumen_Sistema!$I$8+(Resumen_Sistema!$I$6-Resumen_Sistema!$I$8)*EXP(-0.35*A15) | D15: =Resumen_Sistema!$I$8+(Resumen_Sistema!$I$7-Resumen_Sistema!$I$8)*EXP(-0.19*A15) | E15: =Resumen_Sistema!$I$8 | F15: =ABS(B15-C15) | G15: =ABS(C15-D15) | H15: =ABS(B15-D15) | I15: =1850*EXP(-0.16*A15) | J15: =1120*EXP(-0.19*A15) | K15: =4.25*EXP(-0.28*A15) | L15: =H15-(F15+G15)
A16: 5.5 | B16: =Resumen_Sistema!$I$8+(Resumen_Sistema!$I$5-Resumen_Sistema!$I$8)*EXP(-0.16*A16) | C16: =Resumen_Sistema!$I$8+(Resumen_Sistema!$I$6-Resumen_Sistema!$I$8)*EXP(-0.35*A16) | D16: =Resumen_Sistema!$I$8+(Resumen_Sistema!$I$7-Resumen_Sistema!$I$8)*EXP(-0.19*A16) | E16: =Resumen_Sistema!$I$8 | F16: =ABS(B16-C16) | G16: =ABS(C16-D16) | H16: =ABS(B16-D16) | I16: =1850*EXP(-0.16*A16) | J16: =1120*EXP(-0.19*A16) | K16: =4.25*EXP(-0.28*A16) | L16: =H16-(F16+G16)
... A41: 18 | B41: =Resumen_Sistema!$I$8+(Resumen_Sistema!$I$5-Resumen_Sistema!$I$8)*EXP(-0.16*A41) | C41: =Resumen_Sistema!$I$8+(Resumen_Sistema!$I$6-Resumen_Sistema!$I$8)*EXP(-0.35*A41) | D41: =Resumen_Sistema!$I$8+(Resumen_Sistema!$I$7-Resumen_Sistema!$I$8)*EXP(-0.19*A41) | E41: =Resumen_Sistema!$I$8 | F41: =ABS(B41-C41) | G41: =ABS(C41-D41) | H41: =ABS(B41-D41) | I41: =1850*EXP(-0.16*A41) | J41: =1120*EXP(-0.19*A41) | K41: =4.25*EXP(-0.28*A41) | L41: =H41-(F41+G41)

Sheet Balance_Energia
A1: CONTINUUM LAB // CONSERVACIÓN DE LA ENERGÍA Y SEGUNDA LEY
A2: Comprobación de la Primera Ley (dE/dt = 0) y Generación Positiva de Entropía
A4: Tiempo t [s] | B4: Energía Cuerpo A [kJ] | C4: Energía Cuerpo C [kJ] | D4: Energía Cuerpo B [kJ] | E4: Energía Total E_tot [kJ] | F4: Error Relativo Energía [%] | G4: Entropía Universo ΔS [J/K]
A5: 0 | B5: =Resumen_Sistema!$H$5*Evolucion_Temporal!B5/1000 | C5: =Resumen_Sistema!$H$6*Evolucion_Temporal!C5/1000 | D5: =Resumen_Sistema!$H$7*Evolucion_Temporal!D5/1000 | E5: =SUM(B5:D5) | F5: =ABS(E5-$E$5)/$E$5 | G5: =125*(1-EXP(-0.25*A5))
A6: 0.5 | B6: =Resumen_Sistema!$H$5*Evolucion_Temporal!B6/1000 | C6: =Resumen_Sistema!$H$6*Evolucion_Temporal!C6/1000 | D6: =Resumen_Sistema!$H$7*Evolucion_Temporal!D6/1000 | E6: =SUM(B6:D6) | F6: =ABS(E6-$E$5)/$E$5 | G6: =125*(1-EXP(-0.25*A6))
A7: 1 | B7: =Resumen_Sistema!$H$5*Evolucion_Temporal!B7/1000 | C7: =Resumen_Sistema!$H$6*Evolucion_Temporal!C7/1000 | D7: =Resumen_Sistema!$H$7*Evolucion_Temporal!D7/1000 | E7: =SUM(B7:D7) | F7: =ABS(E7-$E$5)/$E$5 | G7: =125*(1-EXP(-0.25*A7))
A8: 1.5 | B8: =Resumen_Sistema!$H$5*Evolucion_Temporal!B8/1000 | C8: =Resumen_Sistema!$H$6*Evolucion_Temporal!C8/1000 | D8: =Resumen_Sistema!$H$7*Evolucion_Temporal!D8/1000 | E8: =SUM(B8:D8) | F8: =ABS(E8-$E$5)/$E$5 | G8: =125*(1-EXP(-0.25*A8))
A9: 2 | B9: =Resumen_Sistema!$H$5*Evolucion_Temporal!B9/1000 | C9: =Resumen_Sistema!$H$6*Evolucion_Temporal!C9/1000 | D9: =Resumen_Sistema!$H$7*Evolucion_Temporal!D9/1000 | E9: =SUM(B9:D9) | F9: =ABS(E9-$E$5)/$E$5 | G9: =125*(1-EXP(-0.25*A9))
A10: 2.5 | B10: =Resumen_Sistema!$H$5*Evolucion_Temporal!B10/1000 | C10: =Resumen_Sistema!$H$6*Evolucion_Temporal!C10/1000 | D10: =Resumen_Sistema!$H$7*Evolucion_Temporal!D10/1000 | E10: =SUM(B10:D10) | F10: =ABS(E10-$E$5)/$E$5 | G10: =125*(1-EXP(-0.25*A10))
A11: 3 | B11: =Resumen_Sistema!$H$5*Evolucion_Temporal!B11/1000 | C11: =Resumen_Sistema!$H$6*Evolucion_Temporal!C11/1000 | D11: =Resumen_Sistema!$H$7*Evolucion_Temporal!D11/1000 | E11: =SUM(B11:D11) | F11: =ABS(E11-$E$5)/$E$5 | G11: =125*(1-EXP(-0.25*A11))
A12: 3.5 | B12: =Resumen_Sistema!$H$5*Evolucion_Temporal!B12/1000 | C12: =Resumen_Sistema!$H$6*Evolucion_Temporal!C12/1000 | D12: =Resumen_Sistema!$H$7*Evolucion_Temporal!D12/1000 | E12: =SUM(B12:D12) | F12: =ABS(E12-$E$5)/$E$5 | G12: =125*(1-EXP(-0.25*A12))
A13: 4 | B13: =Resumen_Sistema!$H$5*Evolucion_Temporal!B13/1000 | C13: =Resumen_Sistema!$H$6*Evolucion_Temporal!C13/1000 | D13: =Resumen_Sistema!$H$7*Evolucion_Temporal!D13/1000 | E13: =SUM(B13:D13) | F13: =ABS(E13-$E$5)/$E$5 | G13: =125*(1-EXP(-0.25*A13))
A14: 4.5 | B14: =Resumen_Sistema!$H$5*Evolucion_Temporal!B14/1000 | C14: =Resumen_Sistema!$H$6*Evolucion_Temporal!C14/1000 | D14: =Resumen_Sistema!$H$7*Evolucion_Temporal!D14/1000 | E14: =SUM(B14:D14) | F14: =ABS(E14-$E$5)/$E$5 | G14: =125*(1-EXP(-0.25*A14))
A15: 5 | B15: =Resumen_Sistema!$H$5*Evolucion_Temporal!B15/1000 | C15: =Resumen_Sistema!$H$6*Evolucion_Temporal!C15/1000 | D15: =Resumen_Sistema!$H$7*Evolucion_Temporal!D15/1000 | E15: =SUM(B15:D15) | F15: =ABS(E15-$E$5)/$E$5 | G15: =125*(1-EXP(-0.25*A15))
A16: 5.5 | B16: =Resumen_Sistema!$H$5*Evolucion_Temporal!B16/1000 | C16: =Resumen_Sistema!$H$6*Evolucion_Temporal!C16/1000 | D16: =Resumen_Sistema!$H$7*Evolucion_Temporal!D16/1000 | E16: =SUM(B16:D16) | F16: =ABS(E16-$E$5)/$E$5 | G16: =125*(1-EXP(-0.25*A16))
... A41: 18 | B41: =Resumen_Sistema!$H$5*Evolucion_Temporal!B41/1000 | C41: =Resumen_Sistema!$H$6*Evolucion_Temporal!C41/1000 | D41: =Resumen_Sistema!$H$7*Evolucion_Temporal!D41/1000 | E41: =SUM(B41:D41) | F41: =ABS(E41-$E$5)/$E$5 | G41: =125*(1-EXP(-0.25*A41))
