Workbook

Sheet Parametros_Invariantes_Lorenz
A1: CONTINUUM LAB // ATRACTOR EXTRAÑO DE LORENZ 3D Y EFECTO MARIPOSA (1963)
A2: Convección Atmosférica de Rayleigh-Bénard, Contracción de Liouville y Dimensión Fractal de Kaplan-Yorke
A4: DIVERGENCIA DE LIOUVILLE (∇·F) | C4: DIMENSIÓN FRACTAL D_KY | E4: UMBRAL HOPF CRÍTICO ρ_H | F4: HORIZONTE DE LYAPUNOV T_L
A5: =D12 | C5: =D21 | E5: =D13 | F5: =D22
A7: 1. PARÁMETROS CANÓNICOS DE CONVECCIÓN Y PUNTOS FIJOS DE EQUILIBRIO (C_±)
A8: Parámetro / Invariante | B8: Símbolo | C8: Expresión / Fuente | D8: Valor | E8: Unidad | F8: Significado Físico (Lorenz 1963)
A9: Número de Prandtl | B9: σ | C9: Input Canónico (Lorenz 1963) | D9: 10 | E9: adim | F9: Razón viscosidad cinemática / difusividad térmica
A10: Número de Rayleigh Normalizado | B10: ρ | C10: Input Canónico (Supercrítico) | D10: 28 | E10: adim | F10: Gradiente térmico vertical impulsando convección
A11: Factor Geométrico de Celda | B11: β | C11: =8/3 | D11: =8/3 | E11: adim | F11: Geometría espacial del rollo convectivo
A12: Divergencia del Campo Vectorial | B12: ∇·F | C12: =-(σ + 1 + β) | D12: =-(D9+1+D11) | E12: s⁻¹ | F12: Contracción exponencial del volumen de fases (Liouville)
A13: Rayleigh Crítico de Bifurcación de Hopf | B13: ρ_H | C13: =σ(σ+β+3)/(σ-β-1) | D13: =D9*(D9+D11+3)/(D9-D11-1) | E13: adim | F13: Límite donde los puntos fijos C_± pierden estabilidad
A14: Coordenada X,Y de Centros de Ala C_± | B14: x_c, y_c | C14: =SQRT(β*(ρ-1)) | D14: =SQRT(D11*(D10-1)) | E14: adim | F14: Centros de rotación de las dos alas de la mariposa
A15: Coordenada Z de Centros de Ala C_± | B15: z_c | C15: =ρ - 1 | D15: =D10-1 | E15: adim | F15: Altura convectiva estacionaria de los lóbulos
A17: 2. ESPECTRO DE LYAPUNOV Y DIMENSIÓN FRACTAL DE KAPLAN-YORKE (ATRACTOR EXTRAÑO)
A18: Exponente de Lyapunov Máximo | B18: λ₁ | C18: Integración Variacional QR | D18: 0.9056 | E18: s⁻¹ | F18: Estiramiento exponencial (Caos determinista λ₁ > 0)
A19: Exponente de Lyapunov Central | B19: λ₂ | C19: Invariancia Temporal Autónoma | D19: 0 | E19: s⁻¹ | F19: Dirección tangente al flujo de la trayectoria
A20: Exponente de Lyapunov de Contracción | B20: λ₃ | C20: =∇·F - λ₁ - λ₂ | D20: =D12-D18-D19 | E20: s⁻¹ | F20: Plegado hiper-disipativo hacia la variedad fractal
A21: Dimensión Fractal de Kaplan-Yorke | B21: D_KY | C21: =2 + (λ₁ + λ₂)/|λ₃| | D21: =2+(D18+D19)/ABS(D20) | E21: dim | F21: Geometría intermedia entre superficie 2D y volumen 3D
A22: Tiempo de E-Folding de Lyapunov | B22: T_L | C22: =1 / λ₁ | D22: =1/D18 | E22: s | F22: Escala temporal en que el error se multiplica por e (2.718x)
A23: Perturbación de Redondeo (Lorenz 1963) | B23: Δ₀ | C23: 0.506127 vs 0.506000 | D23: 0.000127 | E23: adim | F23: Truncamiento de 6 a 3 decimales en Royal McBee LGP-30
A24: Diámetro de Saturación del Atractor | B24: D_max | C24: =4 * SQRT(β*(ρ-1)) | D24: =4*D14 | E24: adim | F24: Distancia máxima entre extremos de las dos alas C₋ y C₊

Sheet Divergencia_Lyapunov_1963
A1: EVOLUCIÓN TEMPORAL DEL EFECTO MARIPOSA Y CONTRACCIÓN DE VOLUMEN DE LIOUVILLE
A2: Crecimiento exponencial de la perturbación |Δr(t)| = MIN(D_max, Δ₀·e^(λ₁·t)) vs Contracción V(t)/V₀ = e^(∇·F·t)
A4: Tiempo t (s) | B4: Factor Lyapunov e^(λ₁·t) | C4: Divergencia Lineal Δ₀·e^(λ₁·t) | D4: Divergencia Saturada |Δr(t)| | E4: Pérdida Predictibilidad (%) | F4: Volumen de Fases V(t)/V₀
A5: 0 | B5: =EXP(Parametros_Invariantes_Lorenz!$D$18 * A5) | C5: =Parametros_Invariantes_Lorenz!$D$23 * B5 | D5: =MIN(Parametros_Invariantes_Lorenz!$D$24, C5) | E5: =D5/Parametros_Invariantes_Lorenz!$D$24 | F5: =EXP(Parametros_Invariantes_Lorenz!$D$12 * A5)
A6: 1 | B6: =EXP(Parametros_Invariantes_Lorenz!$D$18 * A6) | C6: =Parametros_Invariantes_Lorenz!$D$23 * B6 | D6: =MIN(Parametros_Invariantes_Lorenz!$D$24, C6) | E6: =D6/Parametros_Invariantes_Lorenz!$D$24 | F6: =EXP(Parametros_Invariantes_Lorenz!$D$12 * A6)
A7: 2 | B7: =EXP(Parametros_Invariantes_Lorenz!$D$18 * A7) | C7: =Parametros_Invariantes_Lorenz!$D$23 * B7 | D7: =MIN(Parametros_Invariantes_Lorenz!$D$24, C7) | E7: =D7/Parametros_Invariantes_Lorenz!$D$24 | F7: =EXP(Parametros_Invariantes_Lorenz!$D$12 * A7)
A8: 3 | B8: =EXP(Parametros_Invariantes_Lorenz!$D$18 * A8) | C8: =Parametros_Invariantes_Lorenz!$D$23 * B8 | D8: =MIN(Parametros_Invariantes_Lorenz!$D$24, C8) | E8: =D8/Parametros_Invariantes_Lorenz!$D$24 | F8: =EXP(Parametros_Invariantes_Lorenz!$D$12 * A8)
A9: 4 | B9: =EXP(Parametros_Invariantes_Lorenz!$D$18 * A9) | C9: =Parametros_Invariantes_Lorenz!$D$23 * B9 | D9: =MIN(Parametros_Invariantes_Lorenz!$D$24, C9) | E9: =D9/Parametros_Invariantes_Lorenz!$D$24 | F9: =EXP(Parametros_Invariantes_Lorenz!$D$12 * A9)
A10: 5 | B10: =EXP(Parametros_Invariantes_Lorenz!$D$18 * A10) | C10: =Parametros_Invariantes_Lorenz!$D$23 * B10 | D10: =MIN(Parametros_Invariantes_Lorenz!$D$24, C10) | E10: =D10/Parametros_Invariantes_Lorenz!$D$24 | F10: =EXP(Parametros_Invariantes_Lorenz!$D$12 * A10)
A11: 6 | B11: =EXP(Parametros_Invariantes_Lorenz!$D$18 * A11) | C11: =Parametros_Invariantes_Lorenz!$D$23 * B11 | D11: =MIN(Parametros_Invariantes_Lorenz!$D$24, C11) | E11: =D11/Parametros_Invariantes_Lorenz!$D$24 | F11: =EXP(Parametros_Invariantes_Lorenz!$D$12 * A11)
A12: 7 | B12: =EXP(Parametros_Invariantes_Lorenz!$D$18 * A12) | C12: =Parametros_Invariantes_Lorenz!$D$23 * B12 | D12: =MIN(Parametros_Invariantes_Lorenz!$D$24, C12) | E12: =D12/Parametros_Invariantes_Lorenz!$D$24 | F12: =EXP(Parametros_Invariantes_Lorenz!$D$12 * A12)
A13: 8 | B13: =EXP(Parametros_Invariantes_Lorenz!$D$18 * A13) | C13: =Parametros_Invariantes_Lorenz!$D$23 * B13 | D13: =MIN(Parametros_Invariantes_Lorenz!$D$24, C13) | E13: =D13/Parametros_Invariantes_Lorenz!$D$24 | F13: =EXP(Parametros_Invariantes_Lorenz!$D$12 * A13)
A14: 9 | B14: =EXP(Parametros_Invariantes_Lorenz!$D$18 * A14) | C14: =Parametros_Invariantes_Lorenz!$D$23 * B14 | D14: =MIN(Parametros_Invariantes_Lorenz!$D$24, C14) | E14: =D14/Parametros_Invariantes_Lorenz!$D$24 | F14: =EXP(Parametros_Invariantes_Lorenz!$D$12 * A14)
A15: 10 | B15: =EXP(Parametros_Invariantes_Lorenz!$D$18 * A15) | C15: =Parametros_Invariantes_Lorenz!$D$23 * B15 | D15: =MIN(Parametros_Invariantes_Lorenz!$D$24, C15) | E15: =D15/Parametros_Invariantes_Lorenz!$D$24 | F15: =EXP(Parametros_Invariantes_Lorenz!$D$12 * A15)
A16: 11 | B16: =EXP(Parametros_Invariantes_Lorenz!$D$18 * A16) | C16: =Parametros_Invariantes_Lorenz!$D$23 * B16 | D16: =MIN(Parametros_Invariantes_Lorenz!$D$24, C16) | E16: =D16/Parametros_Invariantes_Lorenz!$D$24 | F16: =EXP(Parametros_Invariantes_Lorenz!$D$12 * A16)
... A23: 18 | B23: =EXP(Parametros_Invariantes_Lorenz!$D$18 * A23) | C23: =Parametros_Invariantes_Lorenz!$D$23 * B23 | D23: =MIN(Parametros_Invariantes_Lorenz!$D$24, C23) | E23: =D23/Parametros_Invariantes_Lorenz!$D$24 | F23: =EXP(Parametros_Invariantes_Lorenz!$D$12 * A23)
A24: PROMEDIO / MÁX | B24: =MAX(B5:B23) | C24: =MAX(C5:C23) | D24: =MAX(D5:D23) | E24: =AVERAGE(E5:E23) | F24: =MIN(F5:F23)
