Workbook

Sheet Parametros_Fisicos
A1: CONTINUUM LAB // MECÁNICA DE FLUIDOS AVANZADA
A2: MODELO DE INESTABILIDAD RAYLEIGH-TAYLOR Y PLUMAS GRAVITATORIAS
A3: Parámetros de Interfaz, Gravedad, Dispersión Lineal y Régimen No-Lineal
A5: Parámetro Físico | B5: Símbolo | C5: Valor / Fórmula Dinámica | D5: Unidad | E5: Descripción y Base Teórica
A6: Densidad del Fluido Pesado (Superior) | B6: rho_2 | C6: 1200 | D6: kg/m³ | E6: Capa superior inestable sometida a gravedad
A7: Densidad del Fluido Ligero (Inferior) | B7: rho_1 | C7: 400 | D7: kg/m³ | E7: Capa inferior que soporta el gradiente hidrostático
A8: Número de Atwood | B8: Atwood | C8: =(C6-C7)/(C6+C7) | D8: - | E8: A = (rho_2 - rho_1) / (rho_2 + rho_1)
A9: Aceleración de la Gravedad | B9: g | C9: 9.81 | D9: m/s² | E9: Vector gravedad vertical descendente
A10: Tensión Superficial Interfacial | B10: sigma | C10: 0.045 | D10: N/m | E10: Fuerza estabilizadora capilar a altas frecuencias
A11: Viscosidad Cinemática Media | B11: nu | C11: 0.00018 | D11: m²/s | E11: Difusión de cantidad de movimiento baroclínico
A12: Difusividad de Masa | B12: D | C12: 0.00018 | D12: m²/s | E12: Difusión de la concentración escalar C(x,y)
A13: Espesor Inicial de la Interfaz | B13: delta_0 | C13: 0.03 | D13: m | E13: Grosor de la capa de transición hiperbólica inicial
A14: Número de Onda Capilar Crítico | B14: k_c | C14: =SQRT(((C6-C7)*C9)/C10) | D14: rad/m | E14: k_c = SQRT((rho_2 - rho_1)*g / sigma)
A15: Longitud de Onda Crítica de Corte | B15: lambda_c | C15: =(2*PI())/C14 | D15: m | E15: Longitudes de onda menores a lambda_c son estables
A16: Número de Onda de Máximo Crecimiento | B16: k_max | C16: =C14/SQRT(3) | D16: rad/m | E16: k_max = k_c / SQRT(3)
A17: Longitud de Onda Más Inestable | B17: lambda_max | C17: =(2*PI())/C16 | D17: m | E17: Modo dominante en la formación de plumas
A18: Tasa Máxima de Crecimiento Lineal | B18: gamma_max | C18: =SQRT(C8*C9*C16 - (C10*C16^3)/(C6+C7)) | D18: s⁻¹ | E18: Máxima amplificación exponencial e^(gamma*t)
A19: Constante de Mezcla de Dimonte-Schneider | B19: alpha_mix | C19: 0.06 | D19: - | E19: Crecimiento cuadrático de la zona de mezcla h(t)

Sheet Dispersion_y_Crecimiento
A1: CONTINUUM LAB // ESPECTRO DE DISPERSIÓN LINEAL DE RAYLEIGH-TAYLOR
A2: Tasa de Crecimiento vs. Número de Onda (Efectos Capilar y Viscoso)
A4: Número de Onda k [rad/m] | B4: Longitud de Onda λ [m] | C4: Tasa Inválida (No-Viscosa) γ_inv [s⁻¹] | D4: Tasa con Tensión Superficial γ_cap [s⁻¹] | E4: Tasa Completa (Viscosa-Capilar) γ_visc [s⁻¹] | F4: Tiempo de Duplicación τ [s] | G4: Régimen de Estabilidad
A5: 0.2 | B5: =(2*PI())/A5 | C5: =SQRT(Parametros_Fisicos!$C$8*Parametros_Fisicos!$C$9*A5) | D5: =SQRT(MAX(0, Parametros_Fisicos!$C$8*Parametros_Fisicos!$C$9*A5 - (Parametros_Fisicos!$C$10*A5^3)/(Parametros_Fisicos!$C$6+Parametros_Fisicos!$C$7))) | E5: =MAX(0, SQRT(MAX(0, D5^2 + (Parametros_Fisicos!$C$11^2)*(A5^4))) - Parametros_Fisicos!$C$11*(A5^2)) | F5: =IF(E5>0.001, 1/E5, 9999.0) | G5: =IF(D5>0.001, "INESTABLE // CRECIMIENTO", "ESTABLE // AMORTIGUADO")
A6: 0.5 | B6: =(2*PI())/A6 | C6: =SQRT(Parametros_Fisicos!$C$8*Parametros_Fisicos!$C$9*A6) | D6: =SQRT(MAX(0, Parametros_Fisicos!$C$8*Parametros_Fisicos!$C$9*A6 - (Parametros_Fisicos!$C$10*A6^3)/(Parametros_Fisicos!$C$6+Parametros_Fisicos!$C$7))) | E6: =MAX(0, SQRT(MAX(0, D6^2 + (Parametros_Fisicos!$C$11^2)*(A6^4))) - Parametros_Fisicos!$C$11*(A6^2)) | F6: =IF(E6>0.001, 1/E6, 9999.0) | G6: =IF(D6>0.001, "INESTABLE // CRECIMIENTO", "ESTABLE // AMORTIGUADO")
A7: 1 | B7: =(2*PI())/A7 | C7: =SQRT(Parametros_Fisicos!$C$8*Parametros_Fisicos!$C$9*A7) | D7: =SQRT(MAX(0, Parametros_Fisicos!$C$8*Parametros_Fisicos!$C$9*A7 - (Parametros_Fisicos!$C$10*A7^3)/(Parametros_Fisicos!$C$6+Parametros_Fisicos!$C$7))) | E7: =MAX(0, SQRT(MAX(0, D7^2 + (Parametros_Fisicos!$C$11^2)*(A7^4))) - Parametros_Fisicos!$C$11*(A7^2)) | F7: =IF(E7>0.001, 1/E7, 9999.0) | G7: =IF(D7>0.001, "INESTABLE // CRECIMIENTO", "ESTABLE // AMORTIGUADO")
A8: 2 | B8: =(2*PI())/A8 | C8: =SQRT(Parametros_Fisicos!$C$8*Parametros_Fisicos!$C$9*A8) | D8: =SQRT(MAX(0, Parametros_Fisicos!$C$8*Parametros_Fisicos!$C$9*A8 - (Parametros_Fisicos!$C$10*A8^3)/(Parametros_Fisicos!$C$6+Parametros_Fisicos!$C$7))) | E8: =MAX(0, SQRT(MAX(0, D8^2 + (Parametros_Fisicos!$C$11^2)*(A8^4))) - Parametros_Fisicos!$C$11*(A8^2)) | F8: =IF(E8>0.001, 1/E8, 9999.0) | G8: =IF(D8>0.001, "INESTABLE // CRECIMIENTO", "ESTABLE // AMORTIGUADO")
A9: 3.5 | B9: =(2*PI())/A9 | C9: =SQRT(Parametros_Fisicos!$C$8*Parametros_Fisicos!$C$9*A9) | D9: =SQRT(MAX(0, Parametros_Fisicos!$C$8*Parametros_Fisicos!$C$9*A9 - (Parametros_Fisicos!$C$10*A9^3)/(Parametros_Fisicos!$C$6+Parametros_Fisicos!$C$7))) | E9: =MAX(0, SQRT(MAX(0, D9^2 + (Parametros_Fisicos!$C$11^2)*(A9^4))) - Parametros_Fisicos!$C$11*(A9^2)) | F9: =IF(E9>0.001, 1/E9, 9999.0) | G9: =IF(D9>0.001, "INESTABLE // CRECIMIENTO", "ESTABLE // AMORTIGUADO")
A10: 5 | B10: =(2*PI())/A10 | C10: =SQRT(Parametros_Fisicos!$C$8*Parametros_Fisicos!$C$9*A10) | D10: =SQRT(MAX(0, Parametros_Fisicos!$C$8*Parametros_Fisicos!$C$9*A10 - (Parametros_Fisicos!$C$10*A10^3)/(Parametros_Fisicos!$C$6+Parametros_Fisicos!$C$7))) | E10: =MAX(0, SQRT(MAX(0, D10^2 + (Parametros_Fisicos!$C$11^2)*(A10^4))) - Parametros_Fisicos!$C$11*(A10^2)) | F10: =IF(E10>0.001, 1/E10, 9999.0) | G10: =IF(D10>0.001, "INESTABLE // CRECIMIENTO", "ESTABLE // AMORTIGUADO")
A11: 7.5 | B11: =(2*PI())/A11 | C11: =SQRT(Parametros_Fisicos!$C$8*Parametros_Fisicos!$C$9*A11) | D11: =SQRT(MAX(0, Parametros_Fisicos!$C$8*Parametros_Fisicos!$C$9*A11 - (Parametros_Fisicos!$C$10*A11^3)/(Parametros_Fisicos!$C$6+Parametros_Fisicos!$C$7))) | E11: =MAX(0, SQRT(MAX(0, D11^2 + (Parametros_Fisicos!$C$11^2)*(A11^4))) - Parametros_Fisicos!$C$11*(A11^2)) | F11: =IF(E11>0.001, 1/E11, 9999.0) | G11: =IF(D11>0.001, "INESTABLE // CRECIMIENTO", "ESTABLE // AMORTIGUADO")
A12: 10 | B12: =(2*PI())/A12 | C12: =SQRT(Parametros_Fisicos!$C$8*Parametros_Fisicos!$C$9*A12) | D12: =SQRT(MAX(0, Parametros_Fisicos!$C$8*Parametros_Fisicos!$C$9*A12 - (Parametros_Fisicos!$C$10*A12^3)/(Parametros_Fisicos!$C$6+Parametros_Fisicos!$C$7))) | E12: =MAX(0, SQRT(MAX(0, D12^2 + (Parametros_Fisicos!$C$11^2)*(A12^4))) - Parametros_Fisicos!$C$11*(A12^2)) | F12: =IF(E12>0.001, 1/E12, 9999.0) | G12: =IF(D12>0.001, "INESTABLE // CRECIMIENTO", "ESTABLE // AMORTIGUADO")
A13: 15 | B13: =(2*PI())/A13 | C13: =SQRT(Parametros_Fisicos!$C$8*Parametros_Fisicos!$C$9*A13) | D13: =SQRT(MAX(0, Parametros_Fisicos!$C$8*Parametros_Fisicos!$C$9*A13 - (Parametros_Fisicos!$C$10*A13^3)/(Parametros_Fisicos!$C$6+Parametros_Fisicos!$C$7))) | E13: =MAX(0, SQRT(MAX(0, D13^2 + (Parametros_Fisicos!$C$11^2)*(A13^4))) - Parametros_Fisicos!$C$11*(A13^2)) | F13: =IF(E13>0.001, 1/E13, 9999.0) | G13: =IF(D13>0.001, "INESTABLE // CRECIMIENTO", "ESTABLE // AMORTIGUADO")
A14: 20 | B14: =(2*PI())/A14 | C14: =SQRT(Parametros_Fisicos!$C$8*Parametros_Fisicos!$C$9*A14) | D14: =SQRT(MAX(0, Parametros_Fisicos!$C$8*Parametros_Fisicos!$C$9*A14 - (Parametros_Fisicos!$C$10*A14^3)/(Parametros_Fisicos!$C$6+Parametros_Fisicos!$C$7))) | E14: =MAX(0, SQRT(MAX(0, D14^2 + (Parametros_Fisicos!$C$11^2)*(A14^4))) - Parametros_Fisicos!$C$11*(A14^2)) | F14: =IF(E14>0.001, 1/E14, 9999.0) | G14: =IF(D14>0.001, "INESTABLE // CRECIMIENTO", "ESTABLE // AMORTIGUADO")
A15: 25 | B15: =(2*PI())/A15 | C15: =SQRT(Parametros_Fisicos!$C$8*Parametros_Fisicos!$C$9*A15) | D15: =SQRT(MAX(0, Parametros_Fisicos!$C$8*Parametros_Fisicos!$C$9*A15 - (Parametros_Fisicos!$C$10*A15^3)/(Parametros_Fisicos!$C$6+Parametros_Fisicos!$C$7))) | E15: =MAX(0, SQRT(MAX(0, D15^2 + (Parametros_Fisicos!$C$11^2)*(A15^4))) - Parametros_Fisicos!$C$11*(A15^2)) | F15: =IF(E15>0.001, 1/E15, 9999.0) | G15: =IF(D15>0.001, "INESTABLE // CRECIMIENTO", "ESTABLE // AMORTIGUADO")
A16: 30 | B16: =(2*PI())/A16 | C16: =SQRT(Parametros_Fisicos!$C$8*Parametros_Fisicos!$C$9*A16) | D16: =SQRT(MAX(0, Parametros_Fisicos!$C$8*Parametros_Fisicos!$C$9*A16 - (Parametros_Fisicos!$C$10*A16^3)/(Parametros_Fisicos!$C$6+Parametros_Fisicos!$C$7))) | E16: =MAX(0, SQRT(MAX(0, D16^2 + (Parametros_Fisicos!$C$11^2)*(A16^4))) - Parametros_Fisicos!$C$11*(A16^2)) | F16: =IF(E16>0.001, 1/E16, 9999.0) | G16: =IF(D16>0.001, "INESTABLE // CRECIMIENTO", "ESTABLE // AMORTIGUADO")
... A19: 60 | B19: =(2*PI())/A19 | C19: =SQRT(Parametros_Fisicos!$C$8*Parametros_Fisicos!$C$9*A19) | D19: =SQRT(MAX(0, Parametros_Fisicos!$C$8*Parametros_Fisicos!$C$9*A19 - (Parametros_Fisicos!$C$10*A19^3)/(Parametros_Fisicos!$C$6+Parametros_Fisicos!$C$7))) | E19: =MAX(0, SQRT(MAX(0, D19^2 + (Parametros_Fisicos!$C$11^2)*(A19^4))) - Parametros_Fisicos!$C$11*(A19^2)) | F19: =IF(E19>0.001, 1/E19, 9999.0) | G19: =IF(D19>0.001, "INESTABLE // CRECIMIENTO", "ESTABLE // AMORTIGUADO")

Sheet Evolucion_Temporal
A1: CONTINUUM LAB // TRAYECTORIA TEMPORAL Y ZONA DE MEZCLA
A2: Evolución No-Lineal: Penetración de Picos, Ascenso de Burbujas y Ley Cuadrática
A4: Tiempo t [s] | B4: Amplitud Lineal η(t) [m] | C4: Velocidad Terminal Burbuja v_b [m/s] | D4: Profundidad de Pico y_spike [m] | E4: Altura de Burbuja y_bubble [m] | F4: Ancho Zona de Mezcla h(t) [m] | G4: Teoría Dimonte α·A·g·t² [m] | H4: Energía Cinética Escalar E_k [J/m] | I4: Fase Fenomenológica
A5: 0 | B5: =Parametros_Fisicos!$C$13*COSH(MIN(15, Parametros_Fisicos!$C$18*A5)) | C5: =0.23*SQRT(Parametros_Fisicos!$C$8*Parametros_Fisicos!$C$9*Parametros_Fisicos!$C$17) | D5: =-0.5*Parametros_Fisicos!$C$19*Parametros_Fisicos!$C$8*Parametros_Fisicos!$C$9*(A5^2)*(1+Parametros_Fisicos!$C$8) | E5: =0.5*Parametros_Fisicos!$C$19*Parametros_Fisicos!$C$8*Parametros_Fisicos!$C$9*(A5^2)*(1-Parametros_Fisicos!$C$8) + C5*MIN(A5, 2.0) | F5: =E5-D5 | G5: =Parametros_Fisicos!$C$19*Parametros_Fisicos!$C$8*Parametros_Fisicos!$C$9*(A5^2) | H5: =0.5*0.5*(Parametros_Fisicos!$C$6+Parametros_Fisicos!$C$7)*(Parametros_Fisicos!$C$19*Parametros_Fisicos!$C$8*Parametros_Fisicos!$C$9*A5)^2*F5 | I5: =IF(A5<3.5, "Lineal: Perturbación", IF(A5<8.0, "No-Lineal: Picos y Burbujas", IF(A5<12.5, "Secundaria: Vórtices Champiñón", "Turbulento: Mezcla Auto-similar")))
A6: 0.5 | B6: =Parametros_Fisicos!$C$13*COSH(MIN(15, Parametros_Fisicos!$C$18*A6)) | C6: =0.23*SQRT(Parametros_Fisicos!$C$8*Parametros_Fisicos!$C$9*Parametros_Fisicos!$C$17) | D6: =-0.5*Parametros_Fisicos!$C$19*Parametros_Fisicos!$C$8*Parametros_Fisicos!$C$9*(A6^2)*(1+Parametros_Fisicos!$C$8) | E6: =0.5*Parametros_Fisicos!$C$19*Parametros_Fisicos!$C$8*Parametros_Fisicos!$C$9*(A6^2)*(1-Parametros_Fisicos!$C$8) + C6*MIN(A6, 2.0) | F6: =E6-D6 | G6: =Parametros_Fisicos!$C$19*Parametros_Fisicos!$C$8*Parametros_Fisicos!$C$9*(A6^2) | H6: =0.5*0.5*(Parametros_Fisicos!$C$6+Parametros_Fisicos!$C$7)*(Parametros_Fisicos!$C$19*Parametros_Fisicos!$C$8*Parametros_Fisicos!$C$9*A6)^2*F6 | I6: =IF(A6<3.5, "Lineal: Perturbación", IF(A6<8.0, "No-Lineal: Picos y Burbujas", IF(A6<12.5, "Secundaria: Vórtices Champiñón", "Turbulento: Mezcla Auto-similar")))
A7: 1 | B7: =Parametros_Fisicos!$C$13*COSH(MIN(15, Parametros_Fisicos!$C$18*A7)) | C7: =0.23*SQRT(Parametros_Fisicos!$C$8*Parametros_Fisicos!$C$9*Parametros_Fisicos!$C$17) | D7: =-0.5*Parametros_Fisicos!$C$19*Parametros_Fisicos!$C$8*Parametros_Fisicos!$C$9*(A7^2)*(1+Parametros_Fisicos!$C$8) | E7: =0.5*Parametros_Fisicos!$C$19*Parametros_Fisicos!$C$8*Parametros_Fisicos!$C$9*(A7^2)*(1-Parametros_Fisicos!$C$8) + C7*MIN(A7, 2.0) | F7: =E7-D7 | G7: =Parametros_Fisicos!$C$19*Parametros_Fisicos!$C$8*Parametros_Fisicos!$C$9*(A7^2) | H7: =0.5*0.5*(Parametros_Fisicos!$C$6+Parametros_Fisicos!$C$7)*(Parametros_Fisicos!$C$19*Parametros_Fisicos!$C$8*Parametros_Fisicos!$C$9*A7)^2*F7 | I7: =IF(A7<3.5, "Lineal: Perturbación", IF(A7<8.0, "No-Lineal: Picos y Burbujas", IF(A7<12.5, "Secundaria: Vórtices Champiñón", "Turbulento: Mezcla Auto-similar")))
A8: 1.5 | B8: =Parametros_Fisicos!$C$13*COSH(MIN(15, Parametros_Fisicos!$C$18*A8)) | C8: =0.23*SQRT(Parametros_Fisicos!$C$8*Parametros_Fisicos!$C$9*Parametros_Fisicos!$C$17) | D8: =-0.5*Parametros_Fisicos!$C$19*Parametros_Fisicos!$C$8*Parametros_Fisicos!$C$9*(A8^2)*(1+Parametros_Fisicos!$C$8) | E8: =0.5*Parametros_Fisicos!$C$19*Parametros_Fisicos!$C$8*Parametros_Fisicos!$C$9*(A8^2)*(1-Parametros_Fisicos!$C$8) + C8*MIN(A8, 2.0) | F8: =E8-D8 | G8: =Parametros_Fisicos!$C$19*Parametros_Fisicos!$C$8*Parametros_Fisicos!$C$9*(A8^2) | H8: =0.5*0.5*(Parametros_Fisicos!$C$6+Parametros_Fisicos!$C$7)*(Parametros_Fisicos!$C$19*Parametros_Fisicos!$C$8*Parametros_Fisicos!$C$9*A8)^2*F8 | I8: =IF(A8<3.5, "Lineal: Perturbación", IF(A8<8.0, "No-Lineal: Picos y Burbujas", IF(A8<12.5, "Secundaria: Vórtices Champiñón", "Turbulento: Mezcla Auto-similar")))
A9: 2 | B9: =Parametros_Fisicos!$C$13*COSH(MIN(15, Parametros_Fisicos!$C$18*A9)) | C9: =0.23*SQRT(Parametros_Fisicos!$C$8*Parametros_Fisicos!$C$9*Parametros_Fisicos!$C$17) | D9: =-0.5*Parametros_Fisicos!$C$19*Parametros_Fisicos!$C$8*Parametros_Fisicos!$C$9*(A9^2)*(1+Parametros_Fisicos!$C$8) | E9: =0.5*Parametros_Fisicos!$C$19*Parametros_Fisicos!$C$8*Parametros_Fisicos!$C$9*(A9^2)*(1-Parametros_Fisicos!$C$8) + C9*MIN(A9, 2.0) | F9: =E9-D9 | G9: =Parametros_Fisicos!$C$19*Parametros_Fisicos!$C$8*Parametros_Fisicos!$C$9*(A9^2) | H9: =0.5*0.5*(Parametros_Fisicos!$C$6+Parametros_Fisicos!$C$7)*(Parametros_Fisicos!$C$19*Parametros_Fisicos!$C$8*Parametros_Fisicos!$C$9*A9)^2*F9 | I9: =IF(A9<3.5, "Lineal: Perturbación", IF(A9<8.0, "No-Lineal: Picos y Burbujas", IF(A9<12.5, "Secundaria: Vórtices Champiñón", "Turbulento: Mezcla Auto-similar")))
A10: 2.5 | B10: =Parametros_Fisicos!$C$13*COSH(MIN(15, Parametros_Fisicos!$C$18*A10)) | C10: =0.23*SQRT(Parametros_Fisicos!$C$8*Parametros_Fisicos!$C$9*Parametros_Fisicos!$C$17) | D10: =-0.5*Parametros_Fisicos!$C$19*Parametros_Fisicos!$C$8*Parametros_Fisicos!$C$9*(A10^2)*(1+Parametros_Fisicos!$C$8) | E10: =0.5*Parametros_Fisicos!$C$19*Parametros_Fisicos!$C$8*Parametros_Fisicos!$C$9*(A10^2)*(1-Parametros_Fisicos!$C$8) + C10*MIN(A10, 2.0) | F10: =E10-D10 | G10: =Parametros_Fisicos!$C$19*Parametros_Fisicos!$C$8*Parametros_Fisicos!$C$9*(A10^2) | H10: =0.5*0.5*(Parametros_Fisicos!$C$6+Parametros_Fisicos!$C$7)*(Parametros_Fisicos!$C$19*Parametros_Fisicos!$C$8*Parametros_Fisicos!$C$9*A10)^2*F10 | I10: =IF(A10<3.5, "Lineal: Perturbación", IF(A10<8.0, "No-Lineal: Picos y Burbujas", IF(A10<12.5, "Secundaria: Vórtices Champiñón", "Turbulento: Mezcla Auto-similar")))
A11: 3 | B11: =Parametros_Fisicos!$C$13*COSH(MIN(15, Parametros_Fisicos!$C$18*A11)) | C11: =0.23*SQRT(Parametros_Fisicos!$C$8*Parametros_Fisicos!$C$9*Parametros_Fisicos!$C$17) | D11: =-0.5*Parametros_Fisicos!$C$19*Parametros_Fisicos!$C$8*Parametros_Fisicos!$C$9*(A11^2)*(1+Parametros_Fisicos!$C$8) | E11: =0.5*Parametros_Fisicos!$C$19*Parametros_Fisicos!$C$8*Parametros_Fisicos!$C$9*(A11^2)*(1-Parametros_Fisicos!$C$8) + C11*MIN(A11, 2.0) | F11: =E11-D11 | G11: =Parametros_Fisicos!$C$19*Parametros_Fisicos!$C$8*Parametros_Fisicos!$C$9*(A11^2) | H11: =0.5*0.5*(Parametros_Fisicos!$C$6+Parametros_Fisicos!$C$7)*(Parametros_Fisicos!$C$19*Parametros_Fisicos!$C$8*Parametros_Fisicos!$C$9*A11)^2*F11 | I11: =IF(A11<3.5, "Lineal: Perturbación", IF(A11<8.0, "No-Lineal: Picos y Burbujas", IF(A11<12.5, "Secundaria: Vórtices Champiñón", "Turbulento: Mezcla Auto-similar")))
A12: 3.5 | B12: =Parametros_Fisicos!$C$13*COSH(MIN(15, Parametros_Fisicos!$C$18*A12)) | C12: =0.23*SQRT(Parametros_Fisicos!$C$8*Parametros_Fisicos!$C$9*Parametros_Fisicos!$C$17) | D12: =-0.5*Parametros_Fisicos!$C$19*Parametros_Fisicos!$C$8*Parametros_Fisicos!$C$9*(A12^2)*(1+Parametros_Fisicos!$C$8) | E12: =0.5*Parametros_Fisicos!$C$19*Parametros_Fisicos!$C$8*Parametros_Fisicos!$C$9*(A12^2)*(1-Parametros_Fisicos!$C$8) + C12*MIN(A12, 2.0) | F12: =E12-D12 | G12: =Parametros_Fisicos!$C$19*Parametros_Fisicos!$C$8*Parametros_Fisicos!$C$9*(A12^2) | H12: =0.5*0.5*(Parametros_Fisicos!$C$6+Parametros_Fisicos!$C$7)*(Parametros_Fisicos!$C$19*Parametros_Fisicos!$C$8*Parametros_Fisicos!$C$9*A12)^2*F12 | I12: =IF(A12<3.5, "Lineal: Perturbación", IF(A12<8.0, "No-Lineal: Picos y Burbujas", IF(A12<12.5, "Secundaria: Vórtices Champiñón", "Turbulento: Mezcla Auto-similar")))
A13: 4 | B13: =Parametros_Fisicos!$C$13*COSH(MIN(15, Parametros_Fisicos!$C$18*A13)) | C13: =0.23*SQRT(Parametros_Fisicos!$C$8*Parametros_Fisicos!$C$9*Parametros_Fisicos!$C$17) | D13: =-0.5*Parametros_Fisicos!$C$19*Parametros_Fisicos!$C$8*Parametros_Fisicos!$C$9*(A13^2)*(1+Parametros_Fisicos!$C$8) | E13: =0.5*Parametros_Fisicos!$C$19*Parametros_Fisicos!$C$8*Parametros_Fisicos!$C$9*(A13^2)*(1-Parametros_Fisicos!$C$8) + C13*MIN(A13, 2.0) | F13: =E13-D13 | G13: =Parametros_Fisicos!$C$19*Parametros_Fisicos!$C$8*Parametros_Fisicos!$C$9*(A13^2) | H13: =0.5*0.5*(Parametros_Fisicos!$C$6+Parametros_Fisicos!$C$7)*(Parametros_Fisicos!$C$19*Parametros_Fisicos!$C$8*Parametros_Fisicos!$C$9*A13)^2*F13 | I13: =IF(A13<3.5, "Lineal: Perturbación", IF(A13<8.0, "No-Lineal: Picos y Burbujas", IF(A13<12.5, "Secundaria: Vórtices Champiñón", "Turbulento: Mezcla Auto-similar")))
A14: 4.5 | B14: =Parametros_Fisicos!$C$13*COSH(MIN(15, Parametros_Fisicos!$C$18*A14)) | C14: =0.23*SQRT(Parametros_Fisicos!$C$8*Parametros_Fisicos!$C$9*Parametros_Fisicos!$C$17) | D14: =-0.5*Parametros_Fisicos!$C$19*Parametros_Fisicos!$C$8*Parametros_Fisicos!$C$9*(A14^2)*(1+Parametros_Fisicos!$C$8) | E14: =0.5*Parametros_Fisicos!$C$19*Parametros_Fisicos!$C$8*Parametros_Fisicos!$C$9*(A14^2)*(1-Parametros_Fisicos!$C$8) + C14*MIN(A14, 2.0) | F14: =E14-D14 | G14: =Parametros_Fisicos!$C$19*Parametros_Fisicos!$C$8*Parametros_Fisicos!$C$9*(A14^2) | H14: =0.5*0.5*(Parametros_Fisicos!$C$6+Parametros_Fisicos!$C$7)*(Parametros_Fisicos!$C$19*Parametros_Fisicos!$C$8*Parametros_Fisicos!$C$9*A14)^2*F14 | I14: =IF(A14<3.5, "Lineal: Perturbación", IF(A14<8.0, "No-Lineal: Picos y Burbujas", IF(A14<12.5, "Secundaria: Vórtices Champiñón", "Turbulento: Mezcla Auto-similar")))
A15: 5 | B15: =Parametros_Fisicos!$C$13*COSH(MIN(15, Parametros_Fisicos!$C$18*A15)) | C15: =0.23*SQRT(Parametros_Fisicos!$C$8*Parametros_Fisicos!$C$9*Parametros_Fisicos!$C$17) | D15: =-0.5*Parametros_Fisicos!$C$19*Parametros_Fisicos!$C$8*Parametros_Fisicos!$C$9*(A15^2)*(1+Parametros_Fisicos!$C$8) | E15: =0.5*Parametros_Fisicos!$C$19*Parametros_Fisicos!$C$8*Parametros_Fisicos!$C$9*(A15^2)*(1-Parametros_Fisicos!$C$8) + C15*MIN(A15, 2.0) | F15: =E15-D15 | G15: =Parametros_Fisicos!$C$19*Parametros_Fisicos!$C$8*Parametros_Fisicos!$C$9*(A15^2) | H15: =0.5*0.5*(Parametros_Fisicos!$C$6+Parametros_Fisicos!$C$7)*(Parametros_Fisicos!$C$19*Parametros_Fisicos!$C$8*Parametros_Fisicos!$C$9*A15)^2*F15 | I15: =IF(A15<3.5, "Lineal: Perturbación", IF(A15<8.0, "No-Lineal: Picos y Burbujas", IF(A15<12.5, "Secundaria: Vórtices Champiñón", "Turbulento: Mezcla Auto-similar")))
A16: 5.5 | B16: =Parametros_Fisicos!$C$13*COSH(MIN(15, Parametros_Fisicos!$C$18*A16)) | C16: =0.23*SQRT(Parametros_Fisicos!$C$8*Parametros_Fisicos!$C$9*Parametros_Fisicos!$C$17) | D16: =-0.5*Parametros_Fisicos!$C$19*Parametros_Fisicos!$C$8*Parametros_Fisicos!$C$9*(A16^2)*(1+Parametros_Fisicos!$C$8) | E16: =0.5*Parametros_Fisicos!$C$19*Parametros_Fisicos!$C$8*Parametros_Fisicos!$C$9*(A16^2)*(1-Parametros_Fisicos!$C$8) + C16*MIN(A16, 2.0) | F16: =E16-D16 | G16: =Parametros_Fisicos!$C$19*Parametros_Fisicos!$C$8*Parametros_Fisicos!$C$9*(A16^2) | H16: =0.5*0.5*(Parametros_Fisicos!$C$6+Parametros_Fisicos!$C$7)*(Parametros_Fisicos!$C$19*Parametros_Fisicos!$C$8*Parametros_Fisicos!$C$9*A16)^2*F16 | I16: =IF(A16<3.5, "Lineal: Perturbación", IF(A16<8.0, "No-Lineal: Picos y Burbujas", IF(A16<12.5, "Secundaria: Vórtices Champiñón", "Turbulento: Mezcla Auto-similar")))
... A37: 16 | B37: =Parametros_Fisicos!$C$13*COSH(MIN(15, Parametros_Fisicos!$C$18*A37)) | C37: =0.23*SQRT(Parametros_Fisicos!$C$8*Parametros_Fisicos!$C$9*Parametros_Fisicos!$C$17) | D37: =-0.5*Parametros_Fisicos!$C$19*Parametros_Fisicos!$C$8*Parametros_Fisicos!$C$9*(A37^2)*(1+Parametros_Fisicos!$C$8) | E37: =0.5*Parametros_Fisicos!$C$19*Parametros_Fisicos!$C$8*Parametros_Fisicos!$C$9*(A37^2)*(1-Parametros_Fisicos!$C$8) + C37*MIN(A37, 2.0) | F37: =E37-D37 | G37: =Parametros_Fisicos!$C$19*Parametros_Fisicos!$C$8*Parametros_Fisicos!$C$9*(A37^2) | H37: =0.5*0.5*(Parametros_Fisicos!$C$6+Parametros_Fisicos!$C$7)*(Parametros_Fisicos!$C$19*Parametros_Fisicos!$C$8*Parametros_Fisicos!$C$9*A37)^2*F37 | I37: =IF(A37<3.5, "Lineal: Perturbación", IF(A37<8.0, "No-Lineal: Picos y Burbujas", IF(A37<12.5, "Secundaria: Vórtices Champiñón", "Turbulento: Mezcla Auto-similar")))

Sheet Comparativa_Sistemas
A1: CONTINUUM LAB // COMPARATIVA MULTI-SISTEMA DE RAYLEIGH-TAYLOR
A2: Astrosfísica, Fusión Nuclear (ICF), Geofísica e Industria Química
A4: Sistema / Aplicación | B4: Densidad Pesada ρ₂ [kg/m³] | C4: Densidad Ligera ρ₁ [kg/m³] | D4: Gravedad g [m/s²] | E4: Atwood Dinámico A | F4: Longitud Escala L [m] | G4: Tasa de Crecimiento γ [s⁻¹] | H4: Tiempo de Duplicación τ [s] | I4: Impacto Físico y Relevancia
A5: Agua sobre Aceite (Laboratorio) | B5: 1000 | C5: 850 | D5: 9.81 | E5: =ABS((B5-C5)/(B5+C5)) | F5: 0.05 | G5: =SQRT(E5*D5*((2*PI())/F5)) | H5: =IF(G5>0, 1/G5, 9999.0) | I5: Modo interfacial clásico con tensión superficial
A6: Agua sobre Aire (Gotas e Interfaz) | B6: 1000 | C6: 1.225 | D6: 9.81 | E6: =ABS((B6-C6)/(B6+C6)) | F6: 0.1 | G6: =SQRT(E6*D6*((2*PI())/F6)) | H6: =IF(G6>0, 1/G6, 9999.0) | I6: Colapso de películas descendentes y atomización
A7: Fusión Nuclear ICF (NIF Pellet) | B7: 10000 | C7: 200 | D7: 1000000000000 | E7: =ABS((B7-C7)/(B7+C7)) | F7: 0.001 | G7: =SQRT(E7*D7*((2*PI())/F7)) | H7: =IF(G7>0, 1/G7, 9999.0) | I7: Aceleración de cápsulas de deuterio-tritio
A8: Supernova 1987A (Capa He/H) | B8: 1000 | C8: 10 | D8: 500000 | E8: =ABS((B8-C8)/(B8+C8)) | F8: 1000000000 | G8: =SQRT(E8*D8*((2*PI())/F8)) | H8: =IF(G8>0, 1/G8, 9999.0) | I8: Expulsión de manto estelar y mezcla de elementos pesados
A9: Pluma Volcánica / Piroclástica | B9: 1500 | C9: 1.2 | D9: 9.81 | E9: =ABS((B9-C9)/(B9+C9)) | F9: 100 | G9: =SQRT(E9*D9*((2*PI())/F9)) | H9: =IF(G9>0, 1/G9, 9999.0) | I9: Colapso gravitacional de columnas densas de ceniza
A10: Derrame de Petróleo Submarino | B10: 920 | C10: 1025 | D10: 9.81 | E10: =ABS((B10-C10)/(B10+C10)) | F10: 5 | G10: =SQRT(E10*D10*((2*PI())/F10)) | H10: =IF(G10>0, 1/G10, 9999.0) | I10: Flotabilidad invertida y plumas de dispersión marina
