Workbook

Sheet Telemetry_Data
A1: Step | B1: Time_sec | C1: Drag_Coeff_Cd | D1: Lift_Coeff_Cl | E1: Abs_Lift_AbsCl
A2: 1 | B2: 0 | C2: 57.805367 | D2: 5.9662852e-06 | E2: =ABS(D2)
A3: 2 | B3: 0.01 | C3: 26.47653 | D3: 1.549779e-05 | E3: =ABS(D3)
A4: 3 | B4: 0.02 | C4: 0.29231847 | D4: -1.8044375e-05 | E4: =ABS(D4)
A5: 4 | B5: 0.03 | C5: 23.109412 | D5: -2.6775524e-05 | E5: =ABS(D5)
A6: 5 | B6: 0.04 | C6: 36.364801 | D6: -2.0881998e-05 | E6: =ABS(D6)
A7: 6 | B7: 0.05 | C7: 23.232268 | D7: 5.0204108e-06 | E7: =ABS(D7)
A8: 7 | B8: 0.06 | C8: 17.878718 | D8: 1.6916601e-05 | E8: =ABS(D8)
A9: 8 | B9: 0.07 | C9: 25.797044 | D9: -3.9290171e-06 | E9: =ABS(D9)
A10: 9 | B10: 0.08 | C10: 24.518631 | D10: -3.9290171e-06 | E10: =ABS(D10)
A11: 10 | B11: 0.09 | C11: 16.626484 | D11: 5.0567905e-06 | E11: =ABS(D11)
A12: 11 | B12: 0.1 | C12: 17.775117 | D12: -3.950845e-05 | E12: =ABS(D12)
A13: 12 | B13: 0.11 | C13: 23.03527 | D13: 1.2587407e-05 | E13: =ABS(D13)
... A501: 500 | B501: 4.99 | C501: 4.0459613 | D501: 0.15018733 | E501: =ABS(D501)

Sheet Hydrodynamic_Analysis
A1: CONTINUUM LAB // HYDRODYNAMIC FORCE ANALYSIS
A2: Lattice Boltzmann D2Q9 Vortex Shedding Benchmark (Continuum Lab Architecture)
A4: FLOW & GRID PARAMETERS
A5: Reynolds Number (Re) | B5: 150
A6: Mach Number (Ma) | B6: 0.13856406
A7: Obstacle Diameter (D) [nodes] | B7: 32
A8: Kinematic Viscosity (nu) [lattice] | B8: 0.017066667
A9: Total Recorded Steps | B9: =COUNT(Telemetry_Data!A2:A501)
A11: CALCULATED HYDRODYNAMIC METRICS
A12: Mean Drag Coefficient (Cd_bar) | B12: =AVERAGE(Telemetry_Data!C2:C501)
A13: Peak Drag Coefficient (Cd_max) | B13: =MAX(Telemetry_Data!C2:C501)
A14: Minimum Drag Coefficient (Cd_min) | B14: =MIN(Telemetry_Data!C2:C501)
A15: Drag Fluctuation Amplitude (Delta_Cd) | B15: =B13-B14
A16: Peak Lift Coefficient (Cl_max) | B16: =MAX(Telemetry_Data!D2:D501)
A17: RMS Lift Coefficient (Cl_rms) | B17: =SQRT(SUMSQ(Telemetry_Data!D2:D501)/COUNT(Telemetry_Data!D2:D501))
A18: Empirical Circular Cylinder Cd (Henderson) | B18: =1.0 + 10.0/(B5^0.66)
A19: Relative Discrepancy vs Empirical | B19: =ABS(B12-B18)/B18
