Workbook

Sheet Parametros_y_Materiales
A1: CONTINUUM LAB // RESONANCIA DE PLACAS Y FIGURAS DE CHLADNI
A2: Modelo Analítico de Elasticidad de Kirchhoff-Love & Estudio Comparativo de Materiales
A4: RIGIDEZ FLEXION D (Ti) | C4: VELOCIDAD ONDA c_p | E4: MODO FUNDAMENTAL f_11 | G4: GRANOS ARENA
A5: =E17 | C5: =F17 | E5: =G17 | G5: 15000
A7: 1. ESPECIFICACIONES GEOMÉTRICAS Y DE ENSAYO
A8: Parámetro | B8: Símbolo | C8: Valor Nominal | D8: Unidad | E8: Descripción
A9: Longitud de la Placa | B9: L | C9: 0.3 | D9: m | E9: Placa cuadrada de 30 cm de lado
A10: Espesor de la Placa | B10: h | C10: 0.001 | D10: m | E10: Chapa calibrada de 1.0 mm
A11: Área Superficial | B11: A | C11: =C9*C9 | D11: m² | E11: Área de resonancia continua
A12: Aceleración Gravitatoria | B12: g | C12: 9.81 | D12: m/s² | E12: Aceleración de gravedad estándar
A13: Número de Partículas | B13: N | C13: 15000 | D13: - | E13: Granulometría de arena de sílice (d ~ 150 μm)
A15: 2. ESTUDIO COMPARATIVO DE MATERIALES ELASTOMÉTRICOS
A16: Material | B16: Módulo Young E (GPa) | C16: Densidad ρ (kg/m³) | D16: Poisson ν | E16: Rigidez Flexión D (N·m) | F16: Velocidad Onda cp (m/s) | G16: Frec. Base f_11 (Hz)
A17: Titanio Grado 5 (Ti-6Al-4V) | B17: 114 | C17: 4430 | D17: 0.34 | E17: =(B17*10^9)*($C$10^3)/(12*(1-D17^2)) | F17: =SQRT((B17*10^9)/(C17*(1-D17^2))) | G17: =(PI()/(2*$C$9^2))*SQRT(E17/(C17*$C$10))*(1^2+1^2)*0.85
A18: Acero Inoxidable AISI 304 | B18: 193 | C18: 8000 | D18: 0.29 | E18: =(B18*10^9)*($C$10^3)/(12*(1-D18^2)) | F18: =SQRT((B18*10^9)/(C18*(1-D18^2))) | G18: =(PI()/(2*$C$9^2))*SQRT(E18/(C18*$C$10))*(1^2+1^2)*0.85
A19: Aluminio Aeroespacial 6061-T6 | B19: 68.9 | C19: 2700 | D19: 0.33 | E19: =(B19*10^9)*($C$10^3)/(12*(1-D19^2)) | F19: =SQRT((B19*10^9)/(C19*(1-D19^2))) | G19: =(PI()/(2*$C$9^2))*SQRT(E19/(C19*$C$10))*(1^2+1^2)*0.85
A20: Latón para Instrumentos C36000 | B20: 105 | C20: 8500 | D20: 0.35 | E20: =(B20*10^9)*($C$10^3)/(12*(1-D20^2)) | F20: =SQRT((B20*10^9)/(C20*(1-D20^2))) | G20: =(PI()/(2*$C$9^2))*SQRT(E20/(C20*$C$10))*(1^2+1^2)*0.85

Sheet Espectro_Modal_Chladni
A1: ESPECTRO DE FRECUENCIAS NATURALES Y MODOS PROPIOS (CHLADNI-GERMAIN)
A2: Solución Analítica por Superposición de Modos Degenerados de Kirchhoff-Love
A4: Régimen | B4: Modo (m) | C4: Modo (n) | D4: Frecuencia Teórica f_mn (Hz) | E4: Frecuencia Sintonizada (Hz) | F4: Aceleración az/g (Peak) | G4: Topología Nodal
A5: Modo 1 | B5: 1 | C5: 3 | D5: =(PI()/(2*Parametros_y_Materiales!$C$9^2))*SQRT(Parametros_y_Materiales!$E$17/(Parametros_y_Materiales!$C$17*Parametros_y_Materiales!$C$10))*(B5^2+C5^2)*0.85 | E5: 432 | F5: =((2*PI()*E5)^2)*0.00012/9.81 | G5: Cruz y Diamante Central
A6: Transición 1 | B6: 2 | C6: 4 | D6: =(PI()/(2*Parametros_y_Materiales!$C$9^2))*SQRT(Parametros_y_Materiales!$E$17/(Parametros_y_Materiales!$C$17*Parametros_y_Materiales!$C$10))*(B6^2+C6^2)*0.85 | E6: 880 | F6: =((2*PI()*E6)^2)*0.00012/9.81 | G6: Anillo Cuádruple
A7: Modo 2 | B7: 3 | C7: 3 | D7: =(PI()/(2*Parametros_y_Materiales!$C$9^2))*SQRT(Parametros_y_Materiales!$E$17/(Parametros_y_Materiales!$C$17*Parametros_y_Materiales!$C$10))*(B7^2+C7^2)*0.85 | E7: 1420 | F7: =((2*PI()*E7)^2)*0.00012/9.81 | G7: Mandala Nodal Simétrico
A8: Transición 2 | B8: 2 | C8: 6 | D8: =(PI()/(2*Parametros_y_Materiales!$C$9^2))*SQRT(Parametros_y_Materiales!$E$17/(Parametros_y_Materiales!$C$17*Parametros_y_Materiales!$C$10))*(B8^2+C8^2)*0.85 | E8: 2150 | F8: =((2*PI()*E8)^2)*0.00012/9.81 | G8: Celosía Elíptica
A9: Modo 3 | B9: 3 | C9: 5 | D9: =(PI()/(2*Parametros_y_Materiales!$C$9^2))*SQRT(Parametros_y_Materiales!$E$17/(Parametros_y_Materiales!$C$17*Parametros_y_Materiales!$C$10))*(B9^2+C9^2)*0.85 | E9: 2860 | F9: =((2*PI()*E9)^2)*0.00012/9.81 | G9: Red Hiperbólica 12 Lóbulos
A10: Modo 4 (Clímax) | B10: 5 | C10: 5 | D10: =(PI()/(2*Parametros_y_Materiales!$C$9^2))*SQRT(Parametros_y_Materiales!$E$17/(Parametros_y_Materiales!$C$17*Parametros_y_Materiales!$C$10))*(B10^2+C10^2)*0.85 | E10: 4320 | F10: =((2*PI()*E10)^2)*0.00012/9.81 | G10: Celosía Fractal 25 Celdas
A11: PROMEDIO GENERAL | D11: =AVERAGE(D5:D10) | E11: =AVERAGE(E5:E10) | F11: =AVERAGE(F5:F10)
